,County,Cluster,R_0 (std),R_5/28 (std),# (\%) infected as predicted,Measured cases,Fatality rate (measured death/cases)
0,"Autauga County, AL",1,3.438 (0.069),1.164 (0.022),1061 (1.9),1010,1.98\%
1,"Barbour County, AL",1,3.438 (0.069),1.164 (0.022),265 (1.1),562,0.89\%
2,"Blount County, AL",1,3.438 (0.069),1.164 (0.022),159 (0.3),722,0.42\%
3,"Bullock County, AL",1,3.438 (0.069),1.164 (0.022),584 (5.8),437,2.52\%
4,"Butler County, AL",1,3.438 (0.069),1.164 (0.022),1858 (9.4),751,4.66\%
5,"Chambers County, AL",1,3.438 (0.069),1.164 (0.022),2017 (6.0),814,4.67\%
6,"Cherokee County, AL",1,3.438 (0.069),1.164 (0.022),371 (1.4),233,3.00\%
7,"Chilton County, AL",1,3.438 (0.069),1.164 (0.022),318 (0.7),697,0.86\%
8,"Choctaw County, AL",1,3.438 (0.069),1.164 (0.022),637 (5.0),273,4.40\%
9,"Clay County, AL",1,3.438 (0.069),1.164 (0.022),265 (2.0),216,2.31\%
10,"Cleburne County, AL",1,3.438 (0.069),1.164 (0.022),53 (0.4),114,0.88\%
11,"Coffee County, AL",1,3.438 (0.069),1.164 (0.022),265 (0.5),703,0.71\%
12,"Colbert County, AL",1,3.438 (0.069),1.164 (0.022),637 (1.2),1076,1.12\%
13,"Conecuh County, AL",1,3.438 (0.069),1.164 (0.022),530 (4.3),371,2.70\%
14,"Coosa County, AL",1,3.438 (0.069),1.164 (0.022),106 (1.0),90,2.22\%
15,"Covington County, AL",1,3.438 (0.069),1.164 (0.022),1061 (2.9),704,2.84\%
16,"Crenshaw County, AL",1,3.438 (0.069),1.164 (0.022),159 (1.2),284,1.06\%
17,"Cullman County, AL",1,3.438 (0.069),1.164 (0.022),584 (0.7),1113,0.99\%
18,"Dale County, AL",1,3.438 (0.069),1.164 (0.022),1008 (2.1),776,2.45\%
19,"DeKalb County, AL",1,3.438 (0.069),1.164 (0.022),690 (1.0),1677,0.78\%
20,"Elmore County, AL",1,3.438 (0.069),1.164 (0.022),1964 (2.4),1584,2.34\%
21,"Escambia County, AL",1,3.438 (0.069),1.164 (0.022),796 (2.2),965,1.55\%
22,"Fayette County, AL",1,3.438 (0.069),1.164 (0.022),265 (1.6),169,2.96\%
23,"Franklin County, AL",1,3.438 (0.069),1.164 (0.022),1061 (3.4),1184,1.69\%
24,"Greene County, AL",1,3.438 (0.069),1.164 (0.022),584 (7.1),240,4.58\%
25,"Hale County, AL",1,3.438 (0.069),1.164 (0.022),1327 (9.0),449,5.57\%
26,"Henry County, AL",1,3.438 (0.069),1.164 (0.022),159 (0.9),243,1.23\%
27,"Houston County, AL",1,3.438 (0.069),1.164 (0.022),637 (0.6),1309,0.92\%
28,"Jackson County, AL",1,3.438 (0.069),1.164 (0.022),159 (0.3),816,0.37\%
29,"Lamar County, AL",1,3.438 (0.069),1.164 (0.022),106 (0.8),194,1.03\%
30,"Lauderdale County, AL",1,3.438 (0.069),1.164 (0.022),637 (0.7),1053,1.14\%
31,"Lee County, AL",1,3.438 (0.069),1.164 (0.022),2123 (1.3),2491,1.61\%
32,"Limestone County, AL",1,3.438 (0.069),1.164 (0.022),690 (0.7),1183,1.10\%
33,"Lowndes County, AL",1,3.438 (0.069),1.164 (0.022),1274 (12.8),546,4.40\%
34,"Macon County, AL",1,3.438 (0.069),1.164 (0.022),690 (3.7),308,4.22\%
35,"Marengo County, AL",1,3.438 (0.069),1.164 (0.022),743 (3.9),515,2.72\%
36,"Marion County, AL",1,3.438 (0.069),1.164 (0.022),1274 (4.3),535,4.49\%
37,"Marshall County, AL",1,3.438 (0.069),1.164 (0.022),1592 (1.7),2947,1.02\%
38,"Monroe County, AL",1,3.438 (0.069),1.164 (0.022),212 (1.0),388,1.03\%
39,"Morgan County, AL",1,3.438 (0.069),1.164 (0.022),796 (0.7),2206,0.68\%
40,"Perry County, AL",1,3.438 (0.069),1.164 (0.022),212 (2.3),428,0.93\%
41,"Pickens County, AL",1,3.438 (0.069),1.164 (0.022),477 (2.4),363,2.48\%
42,"Pike County, AL",1,3.438 (0.069),1.164 (0.022),371 (1.1),654,1.07\%
43,"Randolph County, AL",1,3.438 (0.069),1.164 (0.022),530 (2.3),388,2.58\%
44,"St. Clair County, AL",1,3.438 (0.069),1.164 (0.022),637 (0.7),1182,1.02\%
45,"Sumter County, AL",1,3.438 (0.069),1.164 (0.022),955 (7.5),361,4.99\%
46,"Talladega County, AL",1,3.438 (0.069),1.164 (0.022),690 (0.9),890,1.46\%
47,"Washington County, AL",1,3.438 (0.069),1.164 (0.022),584 (3.6),310,3.55\%
48,"Winston County, AL",1,3.438 (0.069),1.164 (0.022),584 (2.5),428,2.57\%
49,"Tallapoosa County, AL",1,1.093 (0.051),0.897 (0.035),7119 (17.6),804,9.70\%
50,"Walker County, AL",1,1.086 (0.076),1.086 (0.076),875 (1.4),1457,4.32\%
51,"Santa Cruz County, AZ",1,0.918 (0.058),0.983 (0.067),1622 (3.5),2608,1.92\%
52,"Arkansas County, AR",1,3.130 (0.340),1.139 (0.027),0 (0.0),199,0.00\%
53,"Ashley County, AR",1,3.130 (0.340),1.139 (0.027),203 (1.0),249,1.61\%
54,"Boone County, AR",1,3.130 (0.340),1.139 (0.027),50 (0.1),170,0.59\%
55,"Bradley County, AR",1,3.130 (0.340),1.139 (0.027),152 (1.4),142,2.11\%
56,"Carroll County, AR",1,3.130 (0.340),1.139 (0.027),305 (1.1),340,1.76\%
57,"Chicot County, AR",1,3.130 (0.340),1.139 (0.027),305 (2.9),529,1.13\%
58,"Clay County, AR",1,3.130 (0.340),1.139 (0.027),203 (1.4),107,3.74\%
59,"Cleburne County, AR",1,3.130 (0.340),1.139 (0.027),254 (1.0),181,2.76\%
60,"Cleveland County, AR",1,3.130 (0.340),1.139 (0.027),101 (1.3),68,2.94\%
61,"Columbia County, AR",1,3.130 (0.340),1.139 (0.027),305 (1.3),193,3.11\%
62,"Conway County, AR",1,3.130 (0.340),1.139 (0.027),152 (0.7),136,2.21\%
63,"Crawford County, AR",1,3.130 (0.340),1.139 (0.027),152 (0.2),536,0.56\%
64,"Cross County, AR",1,3.130 (0.340),1.139 (0.027),50 (0.3),166,0.60\%
65,"Desha County, AR",1,3.130 (0.340),1.139 (0.027),101 (0.9),151,1.32\%
66,"Drew County, AR",1,3.130 (0.340),1.139 (0.027),101 (0.6),162,1.23\%
67,"Faulkner County, AR",1,3.130 (0.340),1.139 (0.027),254 (0.2),1203,0.42\%
68,"Franklin County, AR",1,3.130 (0.340),1.139 (0.027),101 (0.6),108,1.85\%
69,"Greene County, AR",1,3.130 (0.340),1.139 (0.027),50 (0.1),383,0.26\%
70,"Howard County, AR",1,3.130 (0.340),1.139 (0.027),101 (0.8),296,0.68\%
71,"Izard County, AR",1,3.130 (0.340),1.139 (0.027),50 (0.4),44,2.27\%
72,"Jackson County, AR",1,3.130 (0.340),1.139 (0.027),50 (0.3),58,1.72\%
73,"Jefferson County, AR",1,3.130 (0.340),1.139 (0.027),1937 (2.8),1357,2.80\%
74,"Lafayette County, AR",1,3.130 (0.340),1.139 (0.027),101 (1.5),49,4.08\%
75,"Lee County, AR",1,3.130 (0.340),1.139 (0.027),305 (3.4),885,0.68\%
76,"Lincoln County, AR",1,3.130 (0.340),1.139 (0.027),560 (4.2),1182,0.93\%
77,"Little River County, AR",1,3.130 (0.340),1.139 (0.027),50 (0.4),153,0.65\%
78,"Logan County, AR",1,3.130 (0.340),1.139 (0.027),50 (0.2),158,0.63\%
79,"Lonoke County, AR",1,3.130 (0.340),1.139 (0.027),101 (0.1),433,0.46\%
80,"Madison County, AR",1,3.130 (0.340),1.139 (0.027),50 (0.3),259,0.39\%
81,"Mississippi County, AR",1,3.130 (0.340),1.139 (0.027),509 (1.2),775,1.29\%
82,"Nevada County, AR",1,3.130 (0.340),1.139 (0.027),458 (5.5),130,6.92\%
83,"Newton County, AR",1,3.130 (0.340),1.139 (0.027),152 (2.0),94,3.19\%
84,"Ouachita County, AR",1,3.130 (0.340),1.139 (0.027),50 (0.2),77,1.30\%
85,"Phillips County, AR",1,3.130 (0.340),1.139 (0.027),305 (1.7),282,2.13\%
86,"Pike County, AR",1,3.130 (0.340),1.139 (0.027),50 (0.5),78,1.28\%
87,"Poinsett County, AR",1,3.130 (0.340),1.139 (0.027),152 (0.6),159,1.89\%
88,"Polk County, AR",1,3.130 (0.340),1.139 (0.027),50 (0.3),128,0.78\%
89,"Pope County, AR",1,3.130 (0.340),1.139 (0.027),458 (0.7),1202,0.75\%
90,"Randolph County, AR",1,3.130 (0.340),1.139 (0.027),101 (0.6),173,1.16\%
91,"St. Francis County, AR",1,3.130 (0.340),1.139 (0.027),152 (0.6),1131,0.27\%
92,"Saline County, AR",1,3.130 (0.340),1.139 (0.027),203 (0.2),879,0.46\%
93,"Sevier County, AR",1,3.130 (0.340),1.139 (0.027),509 (3.0),935,1.07\%
94,"Sharp County, AR",1,3.130 (0.340),1.139 (0.027),254 (1.5),104,4.81\%
95,"Stone County, AR",1,3.130 (0.340),1.139 (0.027),50 (0.4),53,1.89\%
96,"Union County, AR",1,3.130 (0.340),1.139 (0.027),815 (2.1),433,3.70\%
97,"Van Buren County, AR",1,3.130 (0.340),1.139 (0.027),101 (0.6),50,4.00\%
98,"White County, AR",1,3.130 (0.340),1.139 (0.027),101 (0.1),262,0.76\%
99,"Yell County, AR",1,3.130 (0.340),1.139 (0.027),713 (3.3),1022,1.37\%
100,"Alamosa County, CO",1,2.912 (0.092),0.982 (0.030),730 (4.4),224,4.02\%
101,"Chaffee County, CO",1,2.912 (0.092),0.982 (0.030),1542 (7.7),287,6.62\%
102,"Crowley County, CO",1,2.912 (0.092),0.982 (0.030),81 (1.4),72,1.39\%
103,"Delta County, CO",1,2.912 (0.092),0.982 (0.030),81 (0.3),109,0.92\%
104,"Elbert County, CO",1,2.912 (0.092),0.982 (0.030),162 (0.6),86,2.33\%
105,"Huerfano County, CO",1,2.912 (0.092),0.982 (0.030),81 (1.2),6,16.67\%
106,"Kit Carson County, CO",1,2.912 (0.092),0.982 (0.030),243 (3.4),43,6.98\%
107,"La Plata County, CO",1,2.912 (0.092),0.982 (0.030),162 (0.3),200,1.00\%
108,"Logan County, CO",1,2.912 (0.092),0.982 (0.030),405 (1.9),648,0.77\%
109,"Moffat County, CO",1,2.912 (0.092),0.982 (0.030),81 (0.6),25,4.00\%
110,"Montezuma County, CO",1,2.912 (0.092),0.982 (0.030),324 (1.2),108,3.70\%
111,"Montrose County, CO",1,2.912 (0.092),0.982 (0.030),1055 (2.5),279,4.66\%
112,"Ouray County, CO",1,2.912 (0.092),0.982 (0.030),81 (1.7),12,8.33\%
113,"Park County, CO",1,2.912 (0.092),0.982 (0.030),81 (0.4),41,2.44\%
114,"Rio Grande County, CO",1,2.912 (0.092),0.982 (0.030),162 (1.4),87,2.30\%
115,"Routt County, CO",1,2.912 (0.092),0.982 (0.030),487 (1.9),107,5.61\%
116,"Saguache County, CO",1,2.912 (0.092),0.982 (0.030),162 (2.4),107,1.87\%
117,"Sedgwick County, CO",1,2.912 (0.092),0.982 (0.030),81 (3.5),11,9.09\%
118,"Teller County, CO",1,2.912 (0.092),0.982 (0.030),243 (1.0),113,2.65\%
119,"Baker County, FL",1,3.647 (0.407),1.008 (0.022),182 (0.6),386,1.04\%
120,"Bradford County, FL",1,3.647 (0.407),1.008 (0.022),182 (0.7),337,1.19\%
121,"Calhoun County, FL",1,3.647 (0.407),1.008 (0.022),318 (2.2),319,2.19\%
122,"Columbia County, FL",1,3.647 (0.407),1.008 (0.022),455 (0.6),2572,0.39\%
123,"DeSoto County, FL",1,3.647 (0.407),1.008 (0.022),683 (1.8),1292,1.16\%
124,"Dixie County, FL",1,3.647 (0.407),1.008 (0.022),182 (1.1),272,1.47\%
125,"Flagler County, FL",1,3.647 (0.407),1.008 (0.022),455 (0.4),930,1.08\%
126,"Franklin County, FL",1,3.647 (0.407),1.008 (0.022),91 (0.8),130,1.54\%
127,"Gilchrist County, FL",1,3.647 (0.407),1.008 (0.022),136 (0.7),334,0.90\%
128,"Glades County, FL",1,3.647 (0.407),1.008 (0.022),136 (1.0),391,0.77\%
129,"Gulf County, FL",1,3.647 (0.407),1.008 (0.022),91 (0.6),379,0.53\%
130,"Hamilton County, FL",1,3.647 (0.407),1.008 (0.022),136 (1.0),587,0.51\%
131,"Hardee County, FL",1,3.647 (0.407),1.008 (0.022),318 (1.2),857,0.82\%
132,"Hendry County, FL",1,3.647 (0.407),1.008 (0.022),1685 (4.1),1652,2.24\%
133,"Holmes County, FL",1,3.647 (0.407),1.008 (0.022),91 (0.5),445,0.45\%
134,"Jackson County, FL",1,3.647 (0.407),1.008 (0.022),1503 (3.1),1613,2.05\%
135,"Jefferson County, FL",1,3.647 (0.407),1.008 (0.022),227 (1.6),344,1.45\%
136,"Lafayette County, FL",1,3.647 (0.407),1.008 (0.022),45 (0.5),110,0.91\%
137,"Levy County, FL",1,3.647 (0.407),1.008 (0.022),136 (0.3),595,0.50\%
138,"Liberty County, FL",1,3.647 (0.407),1.008 (0.022),91 (1.1),409,0.49\%
139,"Madison County, FL",1,3.647 (0.407),1.008 (0.022),318 (1.7),643,1.09\%
140,"Suwannee County, FL",1,3.647 (0.407),1.008 (0.022),1457 (3.3),1171,2.73\%
141,"Taylor County, FL",1,3.647 (0.407),1.008 (0.022),136 (0.6),372,0.81\%
142,"Wakulla County, FL",1,3.647 (0.407),1.008 (0.022),182 (0.6),611,0.65\%
143,"Washington County, FL",1,3.647 (0.407),1.008 (0.022),637 (2.6),590,2.37\%
144,"Appling County, GA",1,3.128 (0.064),1.041 (0.016),1301 (7.0),594,2.69\%
145,"Atkinson County, GA",1,3.128 (0.064),1.041 (0.016),162 (2.0),293,0.68\%
146,"Bacon County, GA",1,3.128 (0.064),1.041 (0.016),487 (4.4),415,1.45\%
147,"Baker County, GA",1,3.128 (0.064),1.041 (0.016),243 (7.9),58,5.17\%
148,"Baldwin County, GA",1,3.128 (0.064),1.041 (0.016),3090 (6.9),965,3.94\%
149,"Banks County, GA",1,3.128 (0.064),1.041 (0.016),243 (1.3),242,1.24\%
150,"Ben Hill County, GA",1,3.128 (0.064),1.041 (0.016),243 (1.5),346,0.87\%
151,"Berrien County, GA",1,3.128 (0.064),1.041 (0.016),0 (0.0),261,0.00\%
152,"Bleckley County, GA",1,3.128 (0.064),1.041 (0.016),243 (1.9),132,2.27\%
153,"Brantley County, GA",1,3.128 (0.064),1.041 (0.016),325 (1.7),224,1.79\%
154,"Brooks County, GA",1,3.128 (0.064),1.041 (0.016),1219 (7.9),371,4.04\%
155,"Bryan County, GA",1,3.128 (0.064),1.041 (0.016),569 (1.5),551,1.27\%
156,"Bulloch County, GA",1,3.128 (0.064),1.041 (0.016),975 (1.3),1101,1.09\%
157,"Burke County, GA",1,3.128 (0.064),1.041 (0.016),569 (2.5),408,1.72\%
158,"Butts County, GA",1,3.128 (0.064),1.041 (0.016),3008 (12.4),465,7.96\%
159,"Calhoun County, GA",1,3.128 (0.064),1.041 (0.016),487 (7.7),194,3.09\%
160,"Camden County, GA",1,3.128 (0.064),1.041 (0.016),325 (0.6),670,0.60\%
161,"Candler County, GA",1,3.128 (0.064),1.041 (0.016),325 (3.0),229,1.75\%
162,"Charlton County, GA",1,3.128 (0.064),1.041 (0.016),243 (1.9),380,0.79\%
163,"Chattooga County, GA",1,3.128 (0.064),1.041 (0.016),162 (0.7),198,1.01\%
164,"Clay County, GA",1,3.128 (0.064),1.041 (0.016),162 (5.6),80,2.50\%
165,"Clinch County, GA",1,3.128 (0.064),1.041 (0.016),325 (4.9),174,2.30\%
166,"Coffee County, GA",1,3.128 (0.064),1.041 (0.016),2033 (4.7),1341,1.86\%
167,"Colquitt County, GA",1,3.128 (0.064),1.041 (0.016),1789 (3.9),1481,1.49\%
168,"Cook County, GA",1,3.128 (0.064),1.041 (0.016),487 (2.8),402,1.49\%
169,"Coweta County, GA",1,3.128 (0.064),1.041 (0.016),1707 (1.2),1338,1.57\%
170,"Crisp County, GA",1,3.128 (0.064),1.041 (0.016),1138 (5.0),363,3.86\%
171,"Dade County, GA",1,3.128 (0.064),1.041 (0.016),81 (0.5),110,0.91\%
172,"Dawson County, GA",1,3.128 (0.064),1.041 (0.016),243 (1.0),298,1.01\%
173,"Decatur County, GA",1,3.128 (0.064),1.041 (0.016),650 (2.4),666,1.20\%
174,"Dodge County, GA",1,3.128 (0.064),1.041 (0.016),243 (1.2),189,1.59\%
175,"Dooly County, GA",1,3.128 (0.064),1.041 (0.016),1138 (8.3),242,5.79\%
176,"Early County, GA",1,3.128 (0.064),1.041 (0.016),2521 (24.6),346,8.96\%
177,"Effingham County, GA",1,3.128 (0.064),1.041 (0.016),81 (0.1),631,0.16\%
178,"Elbert County, GA",1,3.128 (0.064),1.041 (0.016),81 (0.4),323,0.31\%
179,"Emanuel County, GA",1,3.128 (0.064),1.041 (0.016),569 (2.5),426,1.64\%
180,"Evans County, GA",1,3.128 (0.064),1.041 (0.016),81 (0.8),220,0.45\%
181,"Fannin County, GA",1,3.128 (0.064),1.041 (0.016),162 (0.6),281,0.71\%
182,"Floyd County, GA",1,3.128 (0.064),1.041 (0.016),1219 (1.2),1266,1.18\%
183,"Franklin County, GA",1,3.128 (0.064),1.041 (0.016),325 (1.4),365,1.10\%
184,"Gilmer County, GA",1,3.128 (0.064),1.041 (0.016),243 (0.8),512,0.59\%
185,"Glascock County, GA",1,3.128 (0.064),1.041 (0.016),0 (0.0),22,0.00\%
186,"Glynn County, GA",1,3.128 (0.064),1.041 (0.016),2764 (3.2),2311,1.47\%
187,"Gordon County, GA",1,3.128 (0.064),1.041 (0.016),1870 (3.2),1014,2.27\%
188,"Grady County, GA",1,3.128 (0.064),1.041 (0.016),406 (1.6),407,1.23\%
189,"Greene County, GA",1,3.128 (0.064),1.041 (0.016),894 (5.1),248,4.44\%
190,"Hancock County, GA",1,3.128 (0.064),1.041 (0.016),2764 (33.1),282,12.06\%
191,"Haralson County, GA",1,3.128 (0.064),1.041 (0.016),487 (1.7),192,3.12\%
192,"Harris County, GA",1,3.128 (0.064),1.041 (0.016),1301 (3.8),620,2.58\%
193,"Hart County, GA",1,3.128 (0.064),1.041 (0.016),162 (0.6),266,0.75\%
194,"Heard County, GA",1,3.128 (0.064),1.041 (0.016),243 (2.1),130,2.31\%
195,"Irwin County, GA",1,3.128 (0.064),1.041 (0.016),81 (0.9),156,0.64\%
196,"Jasper County, GA",1,3.128 (0.064),1.041 (0.016),81 (0.6),124,0.81\%
197,"Jeff Davis County, GA",1,3.128 (0.064),1.041 (0.016),487 (3.2),394,1.52\%
198,"Jefferson County, GA",1,3.128 (0.064),1.041 (0.016),487 (3.2),434,1.38\%
199,"Jenkins County, GA",1,3.128 (0.064),1.041 (0.016),1789 (20.6),230,9.57\%
200,"Johnson County, GA",1,3.128 (0.064),1.041 (0.016),813 (8.4),227,4.41\%
201,"Jones County, GA",1,3.128 (0.064),1.041 (0.016),243 (0.9),261,1.15\%
202,"Lamar County, GA",1,3.128 (0.064),1.041 (0.016),731 (3.9),223,4.04\%
203,"Lanier County, GA",1,3.128 (0.064),1.041 (0.016),325 (3.1),215,1.86\%
204,"Laurens County, GA",1,3.128 (0.064),1.041 (0.016),325 (0.7),749,0.53\%
205,"Lee County, GA",1,3.128 (0.064),1.041 (0.016),1789 (6.0),515,4.27\%
206,"Liberty County, GA",1,3.128 (0.064),1.041 (0.016),162 (0.3),605,0.33\%
207,"Lincoln County, GA",1,3.128 (0.064),1.041 (0.016),325 (4.1),129,3.10\%
208,"Long County, GA",1,3.128 (0.064),1.041 (0.016),81 (0.4),123,0.81\%
209,"Lowndes County, GA",1,3.128 (0.064),1.041 (0.016),2602 (2.2),2971,1.08\%
210,"Lumpkin County, GA",1,3.128 (0.064),1.041 (0.016),487 (1.5),301,1.99\%
211,"McDuffie County, GA",1,3.128 (0.064),1.041 (0.016),731 (3.4),293,3.07\%
212,"McIntosh County, GA",1,3.128 (0.064),1.041 (0.016),162 (1.1),150,1.33\%
213,"Macon County, GA",1,3.128 (0.064),1.041 (0.016),813 (6.2),175,5.71\%
214,"Madison County, GA",1,3.128 (0.064),1.041 (0.016),325 (1.1),335,1.19\%
215,"Marion County, GA",1,3.128 (0.064),1.041 (0.016),325 (3.9),143,2.80\%
216,"Meriwether County, GA",1,3.128 (0.064),1.041 (0.016),406 (1.9),355,1.41\%
217,"Mitchell County, GA",1,3.128 (0.064),1.041 (0.016),3334 (15.0),619,6.62\%
218,"Monroe County, GA",1,3.128 (0.064),1.041 (0.016),1870 (6.8),423,5.44\%
219,"Montgomery County, GA",1,3.128 (0.064),1.041 (0.016),81 (0.9),129,0.78\%
220,"Murray County, GA",1,3.128 (0.064),1.041 (0.016),162 (0.4),535,0.37\%
221,"Oconee County, GA",1,3.128 (0.064),1.041 (0.016),1219 (3.1),394,3.81\%
222,"Oglethorpe County, GA",1,3.128 (0.064),1.041 (0.016),569 (3.8),187,3.74\%
223,"Peach County, GA",1,3.128 (0.064),1.041 (0.016),975 (3.6),326,3.68\%
224,"Pickens County, GA",1,3.128 (0.064),1.041 (0.016),406 (1.3),290,1.72\%
225,"Pierce County, GA",1,3.128 (0.064),1.041 (0.016),487 (2.5),378,1.59\%
226,"Pike County, GA",1,3.128 (0.064),1.041 (0.016),325 (1.7),192,2.08\%
227,"Polk County, GA",1,3.128 (0.064),1.041 (0.016),731 (1.7),675,1.33\%
228,"Pulaski County, GA",1,3.128 (0.064),1.041 (0.016),162 (1.5),86,2.33\%
229,"Putnam County, GA",1,3.128 (0.064),1.041 (0.016),1382 (6.3),381,4.46\%
230,"Rabun County, GA",1,3.128 (0.064),1.041 (0.016),243 (1.4),191,1.57\%
231,"Randolph County, GA",1,3.128 (0.064),1.041 (0.016),2114 (30.9),259,10.04\%
232,"Schley County, GA",1,3.128 (0.064),1.041 (0.016),81 (1.6),51,1.96\%
233,"Screven County, GA",1,3.128 (0.064),1.041 (0.016),731 (5.3),173,5.20\%
234,"Seminole County, GA",1,3.128 (0.064),1.041 (0.016),162 (2.0),145,1.38\%
235,"Stewart County, GA",1,3.128 (0.064),1.041 (0.016),406 (6.6),248,2.02\%
236,"Talbot County, GA",1,3.128 (0.064),1.041 (0.016),243 (3.9),126,2.38\%
237,"Tattnall County, GA",1,3.128 (0.064),1.041 (0.016),81 (0.3),416,0.24\%
238,"Taylor County, GA",1,3.128 (0.064),1.041 (0.016),162 (2.0),70,2.86\%
239,"Telfair County, GA",1,3.128 (0.064),1.041 (0.016),569 (3.6),253,2.77\%
240,"Terrell County, GA",1,3.128 (0.064),1.041 (0.016),2439 (28.3),292,10.27\%
241,"Thomas County, GA",1,3.128 (0.064),1.041 (0.016),3171 (7.1),997,3.91\%
242,"Tift County, GA",1,3.128 (0.064),1.041 (0.016),2846 (7.0),1246,2.81\%
243,"Toombs County, GA",1,3.128 (0.064),1.041 (0.016),487 (1.8),632,0.95\%
244,"Towns County, GA",1,3.128 (0.064),1.041 (0.016),81 (0.7),115,0.87\%
245,"Treutlen County, GA",1,3.128 (0.064),1.041 (0.016),243 (3.6),99,3.03\%
246,"Turner County, GA",1,3.128 (0.064),1.041 (0.016),1463 (18.5),225,8.00\%
247,"Twiggs County, GA",1,3.128 (0.064),1.041 (0.016),243 (3.0),93,3.23\%
248,"Union County, GA",1,3.128 (0.064),1.041 (0.016),487 (2.0),218,2.75\%
249,"Upson County, GA",1,3.128 (0.064),1.041 (0.016),3740 (14.3),484,9.50\%
250,"Walton County, GA",1,3.128 (0.064),1.041 (0.016),2764 (3.0),955,3.56\%
251,"Ware County, GA",1,3.128 (0.064),1.041 (0.016),1870 (5.2),1077,2.14\%
252,"Washington County, GA",1,3.128 (0.064),1.041 (0.016),162 (0.8),421,0.48\%
253,"Wheeler County, GA",1,3.128 (0.064),1.041 (0.016),81 (1.0),83,1.20\%
254,"White County, GA",1,3.128 (0.064),1.041 (0.016),406 (1.4),301,1.66\%
255,"Wilcox County, GA",1,3.128 (0.064),1.041 (0.016),1463 (16.6),166,10.84\%
256,"Wilkes County, GA",1,3.128 (0.064),1.041 (0.016),243 (2.5),177,1.69\%
257,"Wilkinson County, GA",1,3.128 (0.064),1.041 (0.016),813 (9.0),182,5.49\%
258,"Worth County, GA",1,3.128 (0.064),1.041 (0.016),1870 (9.2),424,5.42\%
259,"Bartow County, GA",1,3.123 (0.088),1.021 (0.030),5447 (5.1),1607,3.73\%
260,"Carroll County, GA",1,0.884 (0.039),1.005 (0.040),4427 (3.7),1737,2.71\%
261,"Habersham County, GA",1,0.801 (0.034),0.966 (0.044),3583 (7.9),1037,4.63\%
262,"Sumter County, GA",1,3.073 (0.352),0.894 (0.035),6152 (20.7),729,7.68\%
263,"Troup County, GA",1,1.040 (0.058),1.118 (0.054),2358 (3.4),2169,2.90\%
264,"Boise County, ID",1,1.387 (0.401),1.117 (0.039),65 (0.9),38,2.63\%
265,"Cassia County, ID",1,1.387 (0.401),1.117 (0.039),65 (0.3),472,0.21\%
266,"Elmore County, ID",1,1.387 (0.401),1.117 (0.039),195 (0.7),200,1.50\%
267,"Gooding County, ID",1,1.387 (0.401),1.117 (0.039),65 (0.4),134,0.75\%
268,"Jefferson County, ID",1,1.387 (0.401),1.117 (0.039),65 (0.2),135,0.74\%
269,"Jerome County, ID",1,1.387 (0.401),1.117 (0.039),390 (1.6),420,1.43\%
270,"Minidoka County, ID",1,1.387 (0.401),1.117 (0.039),130 (0.6),428,0.47\%
271,"Owyhee County, ID",1,1.387 (0.401),1.117 (0.039),65 (0.6),232,0.43\%
272,"Shoshone County, ID",1,1.387 (0.401),1.117 (0.039),130 (1.0),73,2.74\%
273,"Twin Falls County, ID",1,1.387 (0.401),1.117 (0.039),2015 (2.3),1206,2.57\%
274,"Valley County, ID",1,1.387 (0.401),1.117 (0.039),65 (0.6),46,2.17\%
275,"Washington County, ID",1,1.387 (0.401),1.117 (0.039),130 (1.3),189,1.06\%
276,"Bond County, IL",1,3.133 (0.391),0.952 (0.038),152 (0.9),54,3.70\%
277,"Boone County, IL",1,3.133 (0.391),0.952 (0.038),1754 (3.3),728,3.16\%
278,"Carroll County, IL",1,3.133 (0.391),0.952 (0.038),228 (1.6),45,6.67\%
279,"Cass County, IL",1,3.133 (0.391),0.952 (0.038),838 (6.8),202,5.45\%
280,"Christian County, IL",1,3.133 (0.391),0.952 (0.038),305 (0.9),113,3.54\%
281,"Cumberland County, IL",1,3.133 (0.391),0.952 (0.038),152 (1.4),46,4.35\%
282,"Douglas County, IL",1,3.133 (0.391),0.952 (0.038),152 (0.8),102,1.96\%
283,"Fayette County, IL",1,3.133 (0.391),0.952 (0.038),228 (1.1),55,5.45\%
284,"Ford County, IL",1,3.133 (0.391),0.952 (0.038),76 (0.6),41,2.44\%
285,"Fulton County, IL",1,3.133 (0.391),0.952 (0.038),0 (0.0),26,0.00\%
286,"Grundy County, IL",1,3.133 (0.391),0.952 (0.038),381 (0.7),281,1.78\%
287,"Hancock County, IL",1,3.133 (0.391),0.952 (0.038),76 (0.4),32,3.12\%
288,"Jasper County, IL",1,3.133 (0.391),0.952 (0.038),533 (5.6),54,12.96\%
289,"Jefferson County, IL",1,3.133 (0.391),0.952 (0.038),1296 (3.4),187,9.09\%
290,"Jersey County, IL",1,3.133 (0.391),0.952 (0.038),76 (0.3),69,1.45\%
291,"Lee County, IL",1,3.133 (0.391),0.952 (0.038),152 (0.4),146,1.37\%
292,"Montgomery County, IL",1,3.133 (0.391),0.952 (0.038),533 (1.9),143,4.90\%
293,"Morgan County, IL",1,3.133 (0.391),0.952 (0.038),381 (1.1),196,2.55\%
294,"Ogle County, IL",1,3.133 (0.391),0.952 (0.038),381 (0.7),371,1.35\%
295,"Randolph County, IL",1,3.133 (0.391),0.952 (0.038),533 (1.7),432,1.62\%
296,"Saline County, IL",1,3.133 (0.391),0.952 (0.038),76 (0.3),111,0.90\%
297,"Shelby County, IL",1,3.133 (0.391),0.952 (0.038),76 (0.4),60,1.67\%
298,"Stephenson County, IL",1,3.133 (0.391),0.952 (0.038),457 (1.0),317,1.89\%
299,"Union County, IL",1,3.133 (0.391),0.952 (0.038),1601 (9.5),303,6.93\%
300,"Wayne County, IL",1,3.133 (0.391),0.952 (0.038),76 (0.5),44,2.27\%
301,"Williamson County, IL",1,3.133 (0.391),0.952 (0.038),381 (0.6),329,1.52\%
302,"Woodford County, IL",1,3.133 (0.391),0.952 (0.038),228 (0.6),95,3.16\%
303,"Adams County, IN",1,3.361 (0.085),0.966 (0.023),167 (0.5),81,2.47\%
304,"Bartholomew County, IN",1,3.361 (0.085),0.966 (0.023),3944 (4.8),738,6.37\%
305,"Blackford County, IN",1,3.361 (0.085),0.966 (0.023),167 (1.4),53,3.77\%
306,"Boone County, IN",1,3.361 (0.085),0.966 (0.023),3860 (5.8),632,7.28\%
307,"Brown County, IN",1,3.361 (0.085),0.966 (0.023),83 (0.6),70,1.43\%
308,"Carroll County, IN",1,3.361 (0.085),0.966 (0.023),167 (0.8),142,1.41\%
309,"Cass County, IN",1,3.361 (0.085),0.966 (0.023),755 (2.0),1750,0.51\%
310,"Clay County, IN",1,3.361 (0.085),0.966 (0.023),419 (1.6),97,5.15\%
311,"Clinton County, IN",1,3.361 (0.085),0.966 (0.023),251 (0.8),352,0.85\%
312,"Daviess County, IN",1,3.361 (0.085),0.966 (0.023),1594 (4.8),243,7.82\%
313,"Dearborn County, IN",1,3.361 (0.085),0.966 (0.023),2349 (4.7),461,6.07\%
314,"Decatur County, IN",1,3.361 (0.085),0.966 (0.023),2685 (10.0),313,10.22\%
315,"Dubois County, IN",1,3.361 (0.085),0.966 (0.023),1007 (2.4),624,1.92\%
316,"Fountain County, IN",1,3.361 (0.085),0.966 (0.023),167 (1.0),63,3.17\%
317,"Franklin County, IN",1,3.361 (0.085),0.966 (0.023),839 (3.7),205,4.88\%
318,"Fulton County, IN",1,3.361 (0.085),0.966 (0.023),167 (0.8),144,1.39\%
319,"Gibson County, IN",1,3.361 (0.085),0.966 (0.023),335 (1.0),198,2.02\%
320,"Grant County, IN",1,3.361 (0.085),0.966 (0.023),2433 (3.7),496,5.85\%
321,"Greene County, IN",1,3.361 (0.085),0.966 (0.023),2853 (8.9),238,14.29\%
322,"Hancock County, IN",1,3.361 (0.085),0.966 (0.023),3104 (4.1),616,6.01\%
323,"Harrison County, IN",1,3.361 (0.085),0.966 (0.023),1846 (4.6),289,7.61\%
324,"Henry County, IN",1,3.361 (0.085),0.966 (0.023),1510 (3.1),361,4.99\%
325,"Huntington County, IN",1,3.361 (0.085),0.966 (0.023),251 (0.7),118,2.54\%
326,"Jackson County, IN",1,3.361 (0.085),0.966 (0.023),335 (0.8),551,0.73\%
327,"Jefferson County, IN",1,3.361 (0.085),0.966 (0.023),167 (0.5),149,1.34\%
328,"Jennings County, IN",1,3.361 (0.085),0.966 (0.023),1007 (3.6),207,5.80\%
329,"Kosciusko County, IN",1,3.361 (0.085),0.966 (0.023),1007 (1.3),816,1.47\%
330,"LaGrange County, IN",1,3.361 (0.085),0.966 (0.023),839 (2.1),542,1.85\%
331,"Lawrence County, IN",1,3.361 (0.085),0.966 (0.023),2265 (5.0),326,8.28\%
332,"Marshall County, IN",1,3.361 (0.085),0.966 (0.023),1846 (4.0),742,2.96\%
333,"Miami County, IN",1,3.361 (0.085),0.966 (0.023),167 (0.5),258,0.78\%
334,"Morgan County, IN",1,3.361 (0.085),0.966 (0.023),2685 (3.8),418,7.66\%
335,"Newton County, IN",1,3.361 (0.085),0.966 (0.023),839 (6.0),109,9.17\%
336,"Noble County, IN",1,3.361 (0.085),0.966 (0.023),2349 (4.9),635,4.41\%
337,"Ohio County, IN",1,3.361 (0.085),0.966 (0.023),335 (5.7),50,8.00\%
338,"Orange County, IN",1,3.361 (0.085),0.966 (0.023),2014 (10.3),163,14.72\%
339,"Owen County, IN",1,3.361 (0.085),0.966 (0.023),83 (0.4),78,1.28\%
340,"Parke County, IN",1,3.361 (0.085),0.966 (0.023),83 (0.5),45,2.22\%
341,"Perry County, IN",1,3.361 (0.085),0.966 (0.023),1007 (5.3),171,7.02\%
342,"Pulaski County, IN",1,3.361 (0.085),0.966 (0.023),83 (0.7),71,1.41\%
343,"Putnam County, IN",1,3.361 (0.085),0.966 (0.023),671 (1.8),221,3.62\%
344,"Randolph County, IN",1,3.361 (0.085),0.966 (0.023),335 (1.4),102,3.92\%
345,"Ripley County, IN",1,3.361 (0.085),0.966 (0.023),587 (2.1),188,3.72\%
346,"Rush County, IN",1,3.361 (0.085),0.966 (0.023),335 (2.0),79,5.06\%
347,"Scott County, IN",1,3.361 (0.085),0.966 (0.023),839 (3.5),247,4.05\%
348,"Shelby County, IN",1,3.361 (0.085),0.966 (0.023),2181 (4.9),509,5.11\%
349,"Spencer County, IN",1,3.361 (0.085),0.966 (0.023),251 (1.2),113,2.65\%
350,"Starke County, IN",1,3.361 (0.085),0.966 (0.023),587 (2.6),164,4.27\%
351,"Steuben County, IN",1,3.361 (0.085),0.966 (0.023),251 (0.7),199,1.51\%
352,"Sullivan County, IN",1,3.361 (0.085),0.966 (0.023),83 (0.4),75,1.33\%
353,"Tipton County, IN",1,3.361 (0.085),0.966 (0.023),419 (2.8),106,4.72\%
354,"Wabash County, IN",1,3.361 (0.085),0.966 (0.023),251 (0.8),158,1.90\%
355,"Warren County, IN",1,3.361 (0.085),0.966 (0.023),83 (1.0),19,5.26\%
356,"Warrick County, IN",1,3.361 (0.085),0.966 (0.023),2517 (4.0),502,5.98\%
357,"Washington County, IN",1,3.361 (0.085),0.966 (0.023),83 (0.3),115,0.87\%
358,"Wayne County, IN",1,3.361 (0.085),0.966 (0.023),755 (1.1),315,2.86\%
359,"Wells County, IN",1,3.361 (0.085),0.966 (0.023),167 (0.6),131,1.53\%
360,"White County, IN",1,3.361 (0.085),0.966 (0.023),839 (3.5),345,2.90\%
361,"Whitley County, IN",1,3.361 (0.085),0.966 (0.023),503 (1.5),148,4.05\%
362,"Howard County, IN",1,0.812 (0.042),0.860 (0.046),4853 (5.9),804,7.96\%
363,"Madison County, IN",1,2.815 (0.127),0.791 (0.041),6700 (5.2),842,7.72\%
364,"Allamakee County, IA",1,1.193 (0.333),0.926 (0.035),171 (1.2),149,2.68\%
365,"Appanoose County, IA",1,1.193 (0.333),0.926 (0.035),128 (1.0),43,6.98\%
366,"Audubon County, IA",1,1.193 (0.333),0.926 (0.035),42 (0.8),28,3.57\%
367,"Boone County, IA",1,1.193 (0.333),0.926 (0.035),85 (0.3),228,0.88\%
368,"Bremer County, IA",1,1.193 (0.333),0.926 (0.035),300 (1.2),187,3.74\%
369,"Buchanan County, IA",1,1.193 (0.333),0.926 (0.035),42 (0.2),110,0.91\%
370,"Buena Vista County, IA",1,1.193 (0.333),0.926 (0.035),515 (2.6),1784,0.67\%
371,"Butler County, IA",1,1.193 (0.333),0.926 (0.035),85 (0.6),113,1.77\%
372,"Calhoun County, IA",1,1.193 (0.333),0.926 (0.035),85 (0.9),81,2.47\%
373,"Carroll County, IA",1,1.193 (0.333),0.926 (0.035),42 (0.2),181,0.55\%
374,"Cass County, IA",1,1.193 (0.333),0.926 (0.035),42 (0.3),47,2.13\%
375,"Cedar County, IA",1,1.193 (0.333),0.926 (0.035),42 (0.2),120,0.83\%
376,"Cherokee County, IA",1,1.193 (0.333),0.926 (0.035),42 (0.4),97,1.03\%
377,"Clay County, IA",1,1.193 (0.333),0.926 (0.035),42 (0.3),171,0.58\%
378,"Clayton County, IA",1,1.193 (0.333),0.926 (0.035),128 (0.7),97,3.09\%
379,"Crawford County, IA",1,1.193 (0.333),0.926 (0.035),128 (0.8),715,0.42\%
380,"Davis County, IA",1,1.193 (0.333),0.926 (0.035),42 (0.5),49,2.04\%
381,"Delaware County, IA",1,1.193 (0.333),0.926 (0.035),42 (0.3),90,1.11\%
382,"Dickinson County, IA",1,1.193 (0.333),0.926 (0.035),171 (1.0),375,1.07\%
383,"Emmet County, IA",1,1.193 (0.333),0.926 (0.035),42 (0.5),179,0.56\%
384,"Floyd County, IA",1,1.193 (0.333),0.926 (0.035),85 (0.5),124,1.61\%
385,"Franklin County, IA",1,1.193 (0.333),0.926 (0.035),171 (1.7),213,1.88\%
386,"Grundy County, IA",1,1.193 (0.333),0.926 (0.035),42 (0.3),72,1.39\%
387,"Guthrie County, IA",1,1.193 (0.333),0.926 (0.035),214 (2.0),126,3.97\%
388,"Hamilton County, IA",1,1.193 (0.333),0.926 (0.035),42 (0.3),239,0.42\%
389,"Hancock County, IA",1,1.193 (0.333),0.926 (0.035),85 (0.8),116,1.72\%
390,"Humboldt County, IA",1,1.193 (0.333),0.926 (0.035),42 (0.4),89,1.12\%
391,"Iowa County, IA",1,1.193 (0.333),0.926 (0.035),42 (0.3),88,1.14\%
392,"Jackson County, IA",1,1.193 (0.333),0.926 (0.035),42 (0.2),139,0.72\%
393,"Jasper County, IA",1,1.193 (0.333),0.926 (0.035),1030 (2.8),454,5.29\%
394,"Jones County, IA",1,1.193 (0.333),0.926 (0.035),42 (0.2),123,0.81\%
395,"Keokuk County, IA",1,1.193 (0.333),0.926 (0.035),42 (0.4),30,3.33\%
396,"Louisa County, IA",1,1.193 (0.333),0.926 (0.035),600 (5.4),378,3.70\%
397,"Lucas County, IA",1,1.193 (0.333),0.926 (0.035),171 (2.0),43,9.30\%
398,"Madison County, IA",1,1.193 (0.333),0.926 (0.035),85 (0.5),100,2.00\%
399,"Monroe County, IA",1,1.193 (0.333),0.926 (0.035),300 (3.9),66,10.61\%
400,"Montgomery County, IA",1,1.193 (0.333),0.926 (0.035),128 (1.3),43,6.98\%
401,"O'Brien County, IA",1,1.193 (0.333),0.926 (0.035),42 (0.3),131,0.76\%
402,"Plymouth County, IA",1,1.193 (0.333),0.926 (0.035),343 (1.4),443,1.81\%
403,"Pocahontas County, IA",1,1.193 (0.333),0.926 (0.035),42 (0.6),113,0.88\%
404,"Poweshiek County, IA",1,1.193 (0.333),0.926 (0.035),343 (1.8),146,5.48\%
405,"Ringgold County, IA",1,1.193 (0.333),0.926 (0.035),42 (0.9),21,4.76\%
406,"Shelby County, IA",1,1.193 (0.333),0.926 (0.035),42 (0.4),159,0.63\%
407,"Sioux County, IA",1,1.193 (0.333),0.926 (0.035),85 (0.2),593,0.34\%
408,"Tama County, IA",1,1.193 (0.333),0.926 (0.035),1244 (7.4),537,5.40\%
409,"Van Buren County, IA",1,1.193 (0.333),0.926 (0.035),42 (0.6),31,3.23\%
410,"Washington County, IA",1,1.193 (0.333),0.926 (0.035),429 (1.9),287,3.48\%
411,"Wayne County, IA",1,1.193 (0.333),0.926 (0.035),42 (0.7),15,6.67\%
412,"Winneshiek County, IA",1,1.193 (0.333),0.926 (0.035),42 (0.2),82,1.22\%
413,"Wright County, IA",1,1.193 (0.333),0.926 (0.035),42 (0.3),441,0.23\%
414,"Adair County, KY",1,3.302 (0.115),0.986 (0.032),1416 (7.4),203,9.36\%
415,"Allen County, KY",1,3.302 (0.115),0.986 (0.032),596 (2.8),217,3.69\%
416,"Anderson County, KY",1,3.302 (0.115),0.986 (0.032),74 (0.3),75,1.33\%
417,"Barren County, KY",1,3.302 (0.115),0.986 (0.032),149 (0.3),328,0.61\%
418,"Bath County, KY",1,3.302 (0.115),0.986 (0.032),74 (0.6),35,2.86\%
419,"Bell County, KY",1,3.302 (0.115),0.986 (0.032),149 (0.6),274,0.73\%
420,"Bourbon County, KY",1,3.302 (0.115),0.986 (0.032),74 (0.4),69,1.45\%
421,"Breckinridge County, KY",1,3.302 (0.115),0.986 (0.032),149 (0.7),52,3.85\%
422,"Butler County, KY",1,3.302 (0.115),0.986 (0.032),1118 (8.8),292,5.14\%
423,"Calloway County, KY",1,3.302 (0.115),0.986 (0.032),149 (0.4),192,1.04\%
424,"Carlisle County, KY",1,3.302 (0.115),0.986 (0.032),74 (1.6),26,3.85\%
425,"Carroll County, KY",1,3.302 (0.115),0.986 (0.032),149 (1.4),141,1.42\%
426,"Carter County, KY",1,3.302 (0.115),0.986 (0.032),74 (0.3),95,1.05\%
427,"Casey County, KY",1,3.302 (0.115),0.986 (0.032),745 (4.7),154,6.49\%
428,"Clark County, KY",1,3.302 (0.115),0.986 (0.032),521 (1.4),156,4.49\%
429,"Clay County, KY",1,3.302 (0.115),0.986 (0.032),372 (1.9),143,3.50\%
430,"Crittenden County, KY",1,3.302 (0.115),0.986 (0.032),74 (0.8),26,3.85\%
431,"Edmonson County, KY",1,3.302 (0.115),0.986 (0.032),894 (7.3),93,12.90\%
432,"Floyd County, KY",1,3.302 (0.115),0.986 (0.032),74 (0.2),81,1.23\%
433,"Franklin County, KY",1,3.302 (0.115),0.986 (0.032),372 (0.7),255,1.96\%
434,"Gallatin County, KY",1,3.302 (0.115),0.986 (0.032),596 (6.8),79,10.13\%
435,"Grant County, KY",1,3.302 (0.115),0.986 (0.032),372 (1.5),100,5.00\%
436,"Graves County, KY",1,3.302 (0.115),0.986 (0.032),1640 (4.4),508,4.33\%
437,"Grayson County, KY",1,3.302 (0.115),0.986 (0.032),820 (3.1),179,6.15\%
438,"Green County, KY",1,3.302 (0.115),0.986 (0.032),149 (1.3),30,6.67\%
439,"Hardin County, KY",1,3.302 (0.115),0.986 (0.032),596 (0.5),521,1.54\%
440,"Harlan County, KY",1,3.302 (0.115),0.986 (0.032),223 (0.8),200,1.50\%
441,"Henry County, KY",1,3.302 (0.115),0.986 (0.032),149 (0.9),91,2.20\%
442,"Hopkins County, KY",1,3.302 (0.115),0.986 (0.032),2460 (5.5),403,8.19\%
443,"Jackson County, KY",1,3.302 (0.115),0.986 (0.032),1043 (7.8),142,9.86\%
444,"Knott County, KY",1,3.302 (0.115),0.986 (0.032),74 (0.5),40,2.50\%
445,"Knox County, KY",1,3.302 (0.115),0.986 (0.032),596 (1.9),201,3.98\%
446,"Larue County, KY",1,3.302 (0.115),0.986 (0.032),74 (0.5),49,2.04\%
447,"Laurel County, KY",1,3.302 (0.115),0.986 (0.032),298 (0.5),374,1.07\%
448,"Lincoln County, KY",1,3.302 (0.115),0.986 (0.032),74 (0.3),99,1.01\%
449,"Livingston County, KY",1,3.302 (0.115),0.986 (0.032),74 (0.8),32,3.12\%
450,"Logan County, KY",1,3.302 (0.115),0.986 (0.032),1640 (6.1),301,7.31\%
451,"Lyon County, KY",1,3.302 (0.115),0.986 (0.032),298 (3.7),30,13.33\%
452,"McLean County, KY",1,3.302 (0.115),0.986 (0.032),74 (0.8),38,2.63\%
453,"Madison County, KY",1,3.302 (0.115),0.986 (0.032),74 (0.1),383,0.26\%
454,"Marshall County, KY",1,3.302 (0.115),0.986 (0.032),149 (0.5),124,1.61\%
455,"Meade County, KY",1,3.302 (0.115),0.986 (0.032),149 (0.5),85,2.35\%
456,"Metcalfe County, KY",1,3.302 (0.115),0.986 (0.032),149 (1.5),50,4.00\%
457,"Monroe County, KY",1,3.302 (0.115),0.986 (0.032),149 (1.4),88,2.27\%
458,"Muhlenberg County, KY",1,3.302 (0.115),0.986 (0.032),745 (2.4),611,1.64\%
459,"Nelson County, KY",1,3.302 (0.115),0.986 (0.032),149 (0.3),189,1.06\%
460,"Ohio County, KY",1,3.302 (0.115),0.986 (0.032),447 (1.9),340,1.76\%
461,"Perry County, KY",1,3.302 (0.115),0.986 (0.032),223 (0.9),187,1.60\%
462,"Pulaski County, KY",1,3.302 (0.115),0.986 (0.032),149 (0.2),258,0.78\%
463,"Russell County, KY",1,3.302 (0.115),0.986 (0.032),372 (2.1),100,5.00\%
464,"Shelby County, KY",1,3.302 (0.115),0.986 (0.032),1640 (3.4),708,3.11\%
465,"Simpson County, KY",1,3.302 (0.115),0.986 (0.032),521 (2.8),138,5.07\%
466,"Taylor County, KY",1,3.302 (0.115),0.986 (0.032),149 (0.6),101,1.98\%
467,"Webster County, KY",1,3.302 (0.115),0.986 (0.032),74 (0.6),81,1.23\%
468,"Whitley County, KY",1,3.302 (0.115),0.986 (0.032),74 (0.2),136,0.74\%
469,"Woodford County, KY",1,3.302 (0.115),0.986 (0.032),0 (0.0),129,0.00\%
470,"Acadia Parish, LA",1,0.947 (0.033),1.174 (0.047),3353 (5.4),2380,3.03\%
471,"Allen Parish, LA",1,3.373 (0.067),1.099 (0.024),1729 (6.8),1117,2.06\%
472,"Assumption Parish, LA",1,3.373 (0.067),1.099 (0.024),1428 (6.4),552,3.44\%
473,"Avoyelles Parish, LA",1,3.373 (0.067),1.099 (0.024),2030 (5.0),939,2.88\%
474,"Beauregard Parish, LA",1,3.373 (0.067),1.099 (0.024),1278 (3.4),773,2.20\%
475,"Bienville Parish, LA",1,3.373 (0.067),1.099 (0.024),2255 (17.0),353,8.50\%
476,"Caldwell Parish, LA",1,3.373 (0.067),1.099 (0.024),150 (1.5),197,1.02\%
477,"Catahoula Parish, LA",1,3.373 (0.067),1.099 (0.024),300 (3.1),256,1.56\%
478,"Claiborne Parish, LA",1,3.373 (0.067),1.099 (0.024),827 (5.2),222,4.95\%
479,"Concordia Parish, LA",1,3.373 (0.067),1.099 (0.024),601 (3.1),278,2.88\%
480,"De Soto Parish, LA",1,3.373 (0.067),1.099 (0.024),1804 (6.6),655,3.66\%
481,"East Carroll Parish, LA",1,3.373 (0.067),1.099 (0.024),75 (1.1),501,0.20\%
482,"East Feliciana Parish, LA",1,3.373 (0.067),1.099 (0.024),2631 (13.6),518,6.76\%
483,"Evangeline Parish, LA",1,3.373 (0.067),1.099 (0.024),150 (0.4),720,0.28\%
484,"Franklin Parish, LA",1,3.373 (0.067),1.099 (0.024),1278 (6.3),826,2.06\%
485,"Grant Parish, LA",1,3.373 (0.067),1.099 (0.024),676 (3.0),280,3.21\%
486,"Iberville Parish, LA",1,3.373 (0.067),1.099 (0.024),3534 (10.8),1138,4.13\%
487,"Jackson Parish, LA",1,3.373 (0.067),1.099 (0.024),1353 (8.5),357,5.04\%
488,"Jefferson Davis Parish, LA",1,3.373 (0.067),1.099 (0.024),1804 (5.7),954,2.52\%
489,"LaSalle Parish, LA",1,3.373 (0.067),1.099 (0.024),150 (1.0),236,0.85\%
490,"Lincoln Parish, LA",1,3.373 (0.067),1.099 (0.024),1804 (3.8),716,3.35\%
491,"Madison Parish, LA",1,3.373 (0.067),1.099 (0.024),451 (4.0),564,1.06\%
492,"Morehouse Parish, LA",1,3.373 (0.067),1.099 (0.024),827 (3.3),441,2.49\%
493,"Natchitoches Parish, LA",1,3.373 (0.067),1.099 (0.024),1278 (3.3),687,2.47\%
494,"Pointe Coupee Parish, LA",1,3.373 (0.067),1.099 (0.024),2406 (11.0),726,4.41\%
495,"Red River Parish, LA",1,3.373 (0.067),1.099 (0.024),827 (9.8),189,5.82\%
496,"Richland Parish, LA",1,3.373 (0.067),1.099 (0.024),451 (2.2),538,1.12\%
497,"Sabine Parish, LA",1,3.373 (0.067),1.099 (0.024),676 (2.8),534,1.69\%
498,"St. Helena Parish, LA",1,3.373 (0.067),1.099 (0.024),75 (0.7),246,0.41\%
499,"St. James Parish, LA",1,3.373 (0.067),1.099 (0.024),2331 (11.1),645,4.81\%
500,"St. Martin Parish, LA",1,3.373 (0.067),1.099 (0.024),3158 (5.9),1501,2.80\%
501,"St. Mary Parish, LA",1,3.373 (0.067),1.099 (0.024),3684 (7.4),1434,3.42\%
502,"Union Parish, LA",1,3.373 (0.067),1.099 (0.024),2481 (11.1),619,5.33\%
503,"Vermilion Parish, LA",1,3.373 (0.067),1.099 (0.024),1278 (2.1),1325,1.28\%
504,"Vernon Parish, LA",1,3.373 (0.067),1.099 (0.024),1654 (3.4),684,3.22\%
505,"Webster Parish, LA",1,3.373 (0.067),1.099 (0.024),977 (2.5),823,1.58\%
506,"West Baton Rouge Parish, LA",1,3.373 (0.067),1.099 (0.024),2707 (10.2),655,5.50\%
507,"West Carroll Parish, LA",1,3.373 (0.067),1.099 (0.024),375 (3.4),258,1.94\%
508,"West Feliciana Parish, LA",1,3.373 (0.067),1.099 (0.024),1203 (7.8),324,4.94\%
509,"Winn Parish, LA",1,3.373 (0.067),1.099 (0.024),526 (3.7),386,1.81\%
510,"Livingston Parish, LA",1,0.834 (0.030),1.056 (0.040),4475 (3.2),2660,1.84\%
511,"Rapides Parish, LA",1,0.925 (0.028),1.159 (0.040),5556 (4.3),3037,3.42\%
512,"St. Charles Parish, LA",1,2.976 (0.127),0.886 (0.043),7129 (13.5),1367,3.66\%
513,"St. John the Baptist Parish, LA",1,3.281 (0.155),0.827 (0.041),11512 (26.7),1348,6.53\%
514,"St. Landry Parish, LA",1,3.031 (0.336),1.021 (0.034),6754 (8.2),2183,3.39\%
515,"Washington Parish, LA",1,3.128 (0.350),1.035 (0.038),4564 (9.8),1193,4.86\%
516,"Alcona County, MI",1,2.875 (0.075),0.977 (0.024),84 (0.8),28,3.57\%
517,"Allegan County, MI",1,2.875 (0.075),0.977 (0.024),593 (0.5),507,1.38\%
518,"Alpena County, MI",1,2.875 (0.075),0.977 (0.024),1102 (3.9),125,10.40\%
519,"Barry County, MI",1,2.875 (0.075),0.977 (0.024),169 (0.3),171,1.17\%
520,"Benzie County, MI",1,2.875 (0.075),0.977 (0.024),84 (0.5),28,3.57\%
521,"Branch County, MI",1,2.875 (0.075),0.977 (0.024),169 (0.4),327,0.61\%
522,"Charlevoix County, MI",1,2.875 (0.075),0.977 (0.024),169 (0.6),42,4.76\%
523,"Cheboygan County, MI",1,2.875 (0.075),0.977 (0.024),169 (0.7),38,5.26\%
524,"Chippewa County, MI",1,2.875 (0.075),0.977 (0.024),0 (0.0),32,0.00\%
525,"Clare County, MI",1,2.875 (0.075),0.977 (0.024),254 (0.8),60,5.00\%
526,"Clinton County, MI",1,2.875 (0.075),0.977 (0.024),1102 (1.4),413,3.15\%
527,"Crawford County, MI",1,2.875 (0.075),0.977 (0.024),424 (3.1),97,5.15\%
528,"Delta County, MI",1,2.875 (0.075),0.977 (0.024),254 (0.7),80,3.75\%
529,"Dickinson County, MI",1,2.875 (0.075),0.977 (0.024),169 (0.7),45,4.44\%
530,"Emmet County, MI",1,2.875 (0.075),0.977 (0.024),169 (0.5),56,3.57\%
531,"Gladwin County, MI",1,2.875 (0.075),0.977 (0.024),169 (0.7),52,3.85\%
532,"Gogebic County, MI",1,2.875 (0.075),0.977 (0.024),84 (0.6),96,1.04\%
533,"Gratiot County, MI",1,2.875 (0.075),0.977 (0.024),1272 (3.1),144,10.42\%
534,"Hillsdale County, MI",1,2.875 (0.075),0.977 (0.024),2120 (4.6),251,9.96\%
535,"Huron County, MI",1,2.875 (0.075),0.977 (0.024),339 (1.1),146,2.74\%
536,"Ionia County, MI",1,2.875 (0.075),0.977 (0.024),424 (0.7),265,1.89\%
537,"Iosco County, MI",1,2.875 (0.075),0.977 (0.024),1018 (4.1),129,9.30\%
538,"Iron County, MI",1,2.875 (0.075),0.977 (0.024),84 (0.8),17,5.88\%
539,"Isabella County, MI",1,2.875 (0.075),0.977 (0.024),763 (1.1),200,4.50\%
540,"Kalkaska County, MI",1,2.875 (0.075),0.977 (0.024),339 (1.9),48,8.33\%
541,"Lenawee County, MI",1,2.875 (0.075),0.977 (0.024),1018 (1.0),392,3.06\%
542,"Manistee County, MI",1,2.875 (0.075),0.977 (0.024),0 (0.0),34,0.00\%
543,"Missaukee County, MI",1,2.875 (0.075),0.977 (0.024),84 (0.6),40,2.50\%
544,"Montcalm County, MI",1,2.875 (0.075),0.977 (0.024),84 (0.1),180,0.56\%
545,"Oceana County, MI",1,2.875 (0.075),0.977 (0.024),509 (1.9),465,1.29\%
546,"Ogemaw County, MI",1,2.875 (0.075),0.977 (0.024),169 (0.8),51,3.92\%
547,"Oscoda County, MI",1,2.875 (0.075),0.977 (0.024),84 (1.0),24,4.17\%
548,"Otsego County, MI",1,2.875 (0.075),0.977 (0.024),848 (3.4),131,7.63\%
549,"Presque Isle County, MI",1,2.875 (0.075),0.977 (0.024),84 (0.7),17,5.88\%
550,"St. Joseph County, MI",1,2.875 (0.075),0.977 (0.024),593 (1.0),557,1.26\%
551,"Sanilac County, MI",1,2.875 (0.075),0.977 (0.024),509 (1.2),95,6.32\%
552,"Tuscola County, MI",1,2.875 (0.075),0.977 (0.024),2290 (4.4),307,8.79\%
553,"Wexford County, MI",1,2.875 (0.075),0.977 (0.024),339 (1.0),64,6.25\%
554,"Blue Earth County, MN",1,1.012 (0.032),1.004 (0.033),304 (0.5),848,0.59\%
555,"Brown County, MN",1,1.012 (0.032),1.004 (0.033),121 (0.5),83,2.41\%
556,"Cass County, MN",1,1.012 (0.032),1.004 (0.033),121 (0.4),58,3.45\%
557,"Chippewa County, MN",1,1.012 (0.032),1.004 (0.033),60 (0.5),97,1.03\%
558,"Crow Wing County, MN",1,1.012 (0.032),1.004 (0.033),792 (1.2),206,6.31\%
559,"Freeborn County, MN",1,1.012 (0.032),1.004 (0.033),60 (0.2),354,0.28\%
560,"Grant County, MN",1,1.012 (0.032),1.004 (0.033),60 (1.0),49,2.04\%
561,"Itasca County, MN",1,1.012 (0.032),1.004 (0.033),731 (1.6),129,9.30\%
562,"Kanabec County, MN",1,1.012 (0.032),1.004 (0.033),60 (0.4),28,3.57\%
563,"Kandiyohi County, MN",1,1.012 (0.032),1.004 (0.033),60 (0.1),670,0.15\%
564,"Koochiching County, MN",1,1.012 (0.032),1.004 (0.033),182 (1.5),73,4.11\%
565,"Le Sueur County, MN",1,1.012 (0.032),1.004 (0.033),60 (0.2),199,0.50\%
566,"Lyon County, MN",1,1.012 (0.032),1.004 (0.033),182 (0.7),415,0.72\%
567,"Mahnomen County, MN",1,1.012 (0.032),1.004 (0.033),60 (1.1),23,4.35\%
568,"Martin County, MN",1,1.012 (0.032),1.004 (0.033),304 (1.5),203,2.46\%
569,"Meeker County, MN",1,1.012 (0.032),1.004 (0.033),121 (0.5),83,2.41\%
570,"Mille Lacs County, MN",1,1.012 (0.032),1.004 (0.033),182 (0.7),64,4.69\%
571,"Morrison County, MN",1,1.012 (0.032),1.004 (0.033),60 (0.2),83,1.20\%
572,"Murray County, MN",1,1.012 (0.032),1.004 (0.033),60 (0.7),122,0.82\%
573,"Nicollet County, MN",1,1.012 (0.032),1.004 (0.033),792 (2.3),307,4.23\%
574,"Nobles County, MN",1,1.012 (0.032),1.004 (0.033),365 (1.7),1745,0.34\%
575,"Otter Tail County, MN",1,1.012 (0.032),1.004 (0.033),182 (0.3),175,1.71\%
576,"Pennington County, MN",1,1.012 (0.032),1.004 (0.033),60 (0.4),70,1.43\%
577,"Pipestone County, MN",1,1.012 (0.032),1.004 (0.033),548 (6.1),143,6.29\%
578,"Renville County, MN",1,1.012 (0.032),1.004 (0.033),304 (2.1),58,8.62\%
579,"Rice County, MN",1,1.012 (0.032),1.004 (0.033),487 (0.7),989,0.81\%
580,"Sibley County, MN",1,1.012 (0.032),1.004 (0.033),121 (0.8),78,2.56\%
581,"Swift County, MN",1,1.012 (0.032),1.004 (0.033),60 (0.7),52,1.92\%
582,"Wilkin County, MN",1,1.012 (0.032),1.004 (0.033),182 (2.9),28,10.71\%
583,"Adams County, MS",1,3.376 (0.067),1.119 (0.023),1427 (4.6),580,4.31\%
584,"Alcorn County, MS",1,3.376 (0.067),1.119 (0.023),228 (0.6),354,1.13\%
585,"Amite County, MS",1,3.376 (0.067),1.119 (0.023),285 (2.3),210,2.38\%
586,"Attala County, MS",1,3.376 (0.067),1.119 (0.023),1370 (7.5),495,4.85\%
587,"Bolivar County, MS",1,3.376 (0.067),1.119 (0.023),1827 (5.8),939,3.41\%
588,"Calhoun County, MS",1,3.376 (0.067),1.119 (0.023),456 (3.2),374,2.14\%
589,"Carroll County, MS",1,3.376 (0.067),1.119 (0.023),628 (6.3),245,4.49\%
590,"Chickasaw County, MS",1,3.376 (0.067),1.119 (0.023),1085 (6.3),435,4.37\%
591,"Choctaw County, MS",1,3.376 (0.067),1.119 (0.023),228 (2.8),126,3.17\%
592,"Claiborne County, MS",1,3.376 (0.067),1.119 (0.023),742 (8.2),400,3.25\%
593,"Clarke County, MS",1,3.376 (0.067),1.119 (0.023),1427 (9.1),298,8.39\%
594,"Clay County, MS",1,3.376 (0.067),1.119 (0.023),799 (4.1),368,3.80\%
595,"Coahoma County, MS",1,3.376 (0.067),1.119 (0.023),571 (2.5),659,1.52\%
596,"Covington County, MS",1,3.376 (0.067),1.119 (0.023),628 (3.3),578,1.90\%
597,"Franklin County, MS",1,3.376 (0.067),1.119 (0.023),114 (1.5),114,1.75\%
598,"George County, MS",1,3.376 (0.067),1.119 (0.023),285 (1.2),541,0.92\%
599,"Greene County, MS",1,3.376 (0.067),1.119 (0.023),628 (4.6),226,4.87\%
600,"Grenada County, MS",1,3.376 (0.067),1.119 (0.023),1142 (5.4),812,2.46\%
601,"Hancock County, MS",1,3.376 (0.067),1.119 (0.023),799 (1.7),326,4.29\%
602,"Holmes County, MS",1,3.376 (0.067),1.119 (0.023),2683 (15.2),843,5.58\%
603,"Humphreys County, MS",1,3.376 (0.067),1.119 (0.023),628 (7.6),269,4.09\%
604,"Issaquena County, MS",1,3.376 (0.067),1.119 (0.023),57 (4.4),21,4.76\%
605,"Itawamba County, MS",1,3.376 (0.067),1.119 (0.023),571 (2.4),307,3.26\%
606,"Jasper County, MS",1,3.376 (0.067),1.119 (0.023),456 (2.8),375,2.13\%
607,"Jefferson County, MS",1,3.376 (0.067),1.119 (0.023),342 (4.8),191,3.14\%
608,"Jefferson Davis County, MS",1,3.376 (0.067),1.119 (0.023),342 (3.0),198,3.03\%
609,"Kemper County, MS",1,3.376 (0.067),1.119 (0.023),856 (8.5),223,6.73\%
610,"Lafayette County, MS",1,3.376 (0.067),1.119 (0.023),513 (0.9),869,1.04\%
611,"Lawrence County, MS",1,3.376 (0.067),1.119 (0.023),285 (2.3),313,1.60\%
612,"Leake County, MS",1,3.376 (0.067),1.119 (0.023),1427 (6.3),767,3.26\%
613,"Lee County, MS",1,3.376 (0.067),1.119 (0.023),1713 (2.0),1232,2.44\%
614,"Lowndes County, MS",1,3.376 (0.067),1.119 (0.023),1827 (3.1),973,3.29\%
615,"Marion County, MS",1,3.376 (0.067),1.119 (0.023),1027 (4.2),599,3.01\%
616,"Marshall County, MS",1,3.376 (0.067),1.119 (0.023),456 (1.3),566,1.41\%
617,"Montgomery County, MS",1,3.376 (0.067),1.119 (0.023),171 (1.7),291,1.03\%
618,"Newton County, MS",1,3.376 (0.067),1.119 (0.023),628 (2.9),516,2.13\%
619,"Noxubee County, MS",1,3.376 (0.067),1.119 (0.023),571 (5.4),417,2.40\%
620,"Oktibbeha County, MS",1,3.376 (0.067),1.119 (0.023),1998 (4.0),1052,3.33\%
621,"Panola County, MS",1,3.376 (0.067),1.119 (0.023),628 (1.8),907,1.21\%
622,"Perry County, MS",1,3.376 (0.067),1.119 (0.023),399 (3.4),221,3.17\%
623,"Pontotoc County, MS",1,3.376 (0.067),1.119 (0.023),399 (1.3),724,0.97\%
624,"Prentiss County, MS",1,3.376 (0.067),1.119 (0.023),342 (1.4),337,1.78\%
625,"Scott County, MS",1,3.376 (0.067),1.119 (0.023),970 (3.4),953,1.78\%
626,"Sharkey County, MS",1,3.376 (0.067),1.119 (0.023),57 (1.3),180,0.56\%
627,"Simpson County, MS",1,3.376 (0.067),1.119 (0.023),1484 (5.5),711,3.66\%
628,"Smith County, MS",1,3.376 (0.067),1.119 (0.023),742 (4.6),377,3.45\%
629,"Stone County, MS",1,3.376 (0.067),1.119 (0.023),171 (0.9),148,2.03\%
630,"Sunflower County, MS",1,3.376 (0.067),1.119 (0.023),1256 (4.9),906,2.43\%
631,"Tallahatchie County, MS",1,3.376 (0.067),1.119 (0.023),571 (4.1),493,2.03\%
632,"Tate County, MS",1,3.376 (0.067),1.119 (0.023),1313 (4.6),645,3.57\%
633,"Tippah County, MS",1,3.376 (0.067),1.119 (0.023),685 (3.1),304,3.95\%
634,"Tishomingo County, MS",1,3.376 (0.067),1.119 (0.023),171 (0.9),316,0.95\%
635,"Tunica County, MS",1,3.376 (0.067),1.119 (0.023),342 (3.4),265,2.26\%
636,"Union County, MS",1,3.376 (0.067),1.119 (0.023),742 (2.6),519,2.50\%
637,"Walthall County, MS",1,3.376 (0.067),1.119 (0.023),1027 (7.1),442,4.07\%
638,"Warren County, MS",1,3.376 (0.067),1.119 (0.023),1484 (3.2),964,2.70\%
639,"Washington County, MS",1,3.376 (0.067),1.119 (0.023),1827 (4.1),1480,2.16\%
640,"Wayne County, MS",1,3.376 (0.067),1.119 (0.023),1199 (5.9),732,2.87\%
641,"Webster County, MS",1,3.376 (0.067),1.119 (0.023),685 (7.0),197,6.09\%
642,"Wilkinson County, MS",1,3.376 (0.067),1.119 (0.023),685 (7.8),187,6.42\%
643,"Winston County, MS",1,3.376 (0.067),1.119 (0.023),856 (4.7),571,2.63\%
644,"Yalobusha County, MS",1,3.376 (0.067),1.119 (0.023),571 (4.6),316,3.16\%
645,"Monroe County, MS",1,0.942 (0.041),1.035 (0.043),2522 (7.1),697,7.17\%
646,"Neshoba County, MS",1,1.015 (0.053),0.909 (0.044),7120 (24.4),1194,7.29\%
647,"Audrain County, MO",1,3.517 (0.096),1.019 (0.031),53 (0.2),193,0.52\%
648,"Bates County, MO",1,3.517 (0.096),1.019 (0.031),53 (0.3),39,2.56\%
649,"Benton County, MO",1,3.517 (0.096),1.019 (0.031),53 (0.3),71,1.41\%
650,"Bollinger County, MO",1,3.517 (0.096),1.019 (0.031),0 (0.0),56,0.00\%
651,"Caldwell County, MO",1,3.517 (0.096),1.019 (0.031),53 (0.6),30,3.33\%
652,"Callaway County, MO",1,3.517 (0.096),1.019 (0.031),53 (0.1),125,0.80\%
653,"Camden County, MO",1,3.517 (0.096),1.019 (0.031),214 (0.5),300,1.33\%
654,"Cape Girardeau County, MO",1,3.517 (0.096),1.019 (0.031),161 (0.2),597,0.50\%
655,"Carter County, MO",1,3.517 (0.096),1.019 (0.031),53 (0.9),20,5.00\%
656,"Cass County, MO",1,3.517 (0.096),1.019 (0.031),483 (0.5),636,1.42\%
657,"Christian County, MO",1,3.517 (0.096),1.019 (0.031),53 (0.1),281,0.36\%
658,"Dallas County, MO",1,3.517 (0.096),1.019 (0.031),53 (0.3),49,2.04\%
659,"DeKalb County, MO",1,3.517 (0.096),1.019 (0.031),53 (0.4),32,3.12\%
660,"Douglas County, MO",1,3.517 (0.096),1.019 (0.031),107 (0.8),73,2.74\%
661,"Dunklin County, MO",1,3.517 (0.096),1.019 (0.031),214 (0.7),247,1.62\%
662,"Gentry County, MO",1,3.517 (0.096),1.019 (0.031),483 (7.3),79,11.39\%
663,"Grundy County, MO",1,3.517 (0.096),1.019 (0.031),53 (0.5),24,4.17\%
664,"Harrison County, MO",1,3.517 (0.096),1.019 (0.031),53 (0.6),60,1.67\%
665,"Henry County, MO",1,3.517 (0.096),1.019 (0.031),161 (0.7),69,4.35\%
666,"Howell County, MO",1,3.517 (0.096),1.019 (0.031),107 (0.3),137,1.46\%
667,"Laclede County, MO",1,3.517 (0.096),1.019 (0.031),53 (0.2),197,0.51\%
668,"Lafayette County, MO",1,3.517 (0.096),1.019 (0.031),107 (0.3),152,1.32\%
669,"Lawrence County, MO",1,3.517 (0.096),1.019 (0.031),107 (0.3),186,1.08\%
670,"Lewis County, MO",1,3.517 (0.096),1.019 (0.031),53 (0.5),33,3.03\%
671,"Lincoln County, MO",1,3.517 (0.096),1.019 (0.031),53 (0.1),301,0.33\%
672,"Linn County, MO",1,3.517 (0.096),1.019 (0.031),53 (0.4),31,3.23\%
673,"McDonald County, MO",1,3.517 (0.096),1.019 (0.031),375 (1.6),926,0.76\%
674,"Marion County, MO",1,3.517 (0.096),1.019 (0.031),53 (0.2),150,0.67\%
675,"Moniteau County, MO",1,3.517 (0.096),1.019 (0.031),107 (0.7),123,1.63\%
676,"New Madrid County, MO",1,3.517 (0.096),1.019 (0.031),53 (0.3),184,0.54\%
677,"Pemiscot County, MO",1,3.517 (0.096),1.019 (0.031),429 (2.6),205,3.90\%
678,"Perry County, MO",1,3.517 (0.096),1.019 (0.031),214 (1.1),206,1.94\%
679,"Pike County, MO",1,3.517 (0.096),1.019 (0.031),53 (0.3),69,1.45\%
680,"Pulaski County, MO",1,3.517 (0.096),1.019 (0.031),53 (0.1),180,0.56\%
681,"Putnam County, MO",1,3.517 (0.096),1.019 (0.031),53 (1.1),10,10.00\%
682,"Randolph County, MO",1,3.517 (0.096),1.019 (0.031),53 (0.2),55,1.82\%
683,"Ste. Genevieve County, MO",1,3.517 (0.096),1.019 (0.031),53 (0.3),44,2.27\%
684,"St. Francois County, MO",1,3.517 (0.096),1.019 (0.031),107 (0.2),299,0.67\%
685,"Saline County, MO",1,3.517 (0.096),1.019 (0.031),375 (1.6),410,1.71\%
686,"Scotland County, MO",1,3.517 (0.096),1.019 (0.031),53 (1.1),12,8.33\%
687,"Scott County, MO",1,3.517 (0.096),1.019 (0.031),697 (1.8),345,3.77\%
688,"Shannon County, MO",1,3.517 (0.096),1.019 (0.031),53 (0.7),43,2.33\%
689,"Stoddard County, MO",1,3.517 (0.096),1.019 (0.031),483 (1.7),210,4.29\%
690,"Stone County, MO",1,3.517 (0.096),1.019 (0.031),53 (0.2),86,1.16\%
691,"Taney County, MO",1,3.517 (0.096),1.019 (0.031),161 (0.3),428,0.70\%
692,"Vernon County, MO",1,3.517 (0.096),1.019 (0.031),0 (0.0),45,0.00\%
693,"Washington County, MO",1,3.517 (0.096),1.019 (0.031),53 (0.2),56,1.79\%
694,"Webster County, MO",1,3.517 (0.096),1.019 (0.031),53 (0.1),116,0.86\%
695,"Antelope County, NE",1,0.970 (0.028),0.948 (0.029),93 (1.5),18,5.56\%
696,"Buffalo County, NE",1,0.970 (0.028),0.948 (0.029),93 (0.2),347,0.29\%
697,"Cass County, NE",1,0.970 (0.028),0.948 (0.029),93 (0.4),157,0.64\%
698,"Colfax County, NE",1,0.970 (0.028),0.948 (0.029),373 (3.4),694,0.58\%
699,"Cuming County, NE",1,0.970 (0.028),0.948 (0.029),0 (0.0),58,0.00\%
700,"Custer County, NE",1,0.970 (0.028),0.948 (0.029),373 (3.4),43,9.30\%
701,"Dawson County, NE",1,0.970 (0.028),0.948 (0.029),839 (3.5),949,0.95\%
702,"Dixon County, NE",1,0.970 (0.028),0.948 (0.029),186 (3.3),56,3.57\%
703,"Dodge County, NE",1,0.970 (0.028),0.948 (0.029),746 (2.0),772,1.04\%
704,"Fillmore County, NE",1,0.970 (0.028),0.948 (0.029),93 (1.7),24,4.17\%
705,"Furnas County, NE",1,0.970 (0.028),0.948 (0.029),93 (2.0),15,6.67\%
706,"Gage County, NE",1,0.970 (0.028),0.948 (0.029),373 (1.7),82,4.88\%
707,"Hall County, NE",1,0.970 (0.028),0.948 (0.029),4197 (6.8),1713,2.63\%
708,"Hamilton County, NE",1,0.970 (0.028),0.948 (0.029),1119 (12.1),96,12.50\%
709,"Howard County, NE",1,0.970 (0.028),0.948 (0.029),373 (5.8),55,7.27\%
710,"Lincoln County, NE",1,0.970 (0.028),0.948 (0.029),186 (0.5),95,2.11\%
711,"Madison County, NE",1,0.970 (0.028),0.948 (0.029),466 (1.3),419,1.19\%
712,"Perkins County, NE",1,0.970 (0.028),0.948 (0.029),93 (3.2),17,5.88\%
713,"Platte County, NE",1,0.970 (0.028),0.948 (0.029),279 (0.8),766,0.39\%
714,"Richardson County, NE",1,0.970 (0.028),0.948 (0.029),93 (1.2),20,5.00\%
715,"Saline County, NE",1,0.970 (0.028),0.948 (0.029),186 (1.3),583,0.34\%
716,"Saunders County, NE",1,0.970 (0.028),0.948 (0.029),186 (0.9),138,1.45\%
717,"Scotts Bluff County, NE",1,0.970 (0.028),0.948 (0.029),559 (1.6),289,2.08\%
718,"Seward County, NE",1,0.970 (0.028),0.948 (0.029),93 (0.5),96,1.04\%
719,"Thurston County, NE",1,0.970 (0.028),0.948 (0.029),373 (5.1),201,1.99\%
720,"Washington County, NE",1,0.970 (0.028),0.948 (0.029),93 (0.5),106,0.94\%
721,"Orleans County, NY",1,0.883 (0.045),0.758 (0.045),5254 (12.9),295,18.31\%
722,"Anson County, NC",1,3.679 (0.104),1.063 (0.025),119 (0.5),302,0.66\%
723,"Ashe County, NC",1,3.679 (0.104),1.063 (0.025),59 (0.2),119,0.84\%
724,"Beaufort County, NC",1,3.679 (0.104),1.063 (0.025),119 (0.3),348,0.57\%
725,"Bertie County, NC",1,3.679 (0.104),1.063 (0.025),299 (1.6),247,2.02\%
726,"Bladen County, NC",1,3.679 (0.104),1.063 (0.025),419 (1.3),584,1.20\%
727,"Burke County, NC",1,3.679 (0.104),1.063 (0.025),1559 (1.7),1556,1.67\%
728,"Caldwell County, NC",1,3.679 (0.104),1.063 (0.025),719 (0.9),1121,1.07\%
729,"Camden County, NC",1,3.679 (0.104),1.063 (0.025),119 (1.1),63,3.17\%
730,"Carteret County, NC",1,3.679 (0.104),1.063 (0.025),299 (0.4),295,1.69\%
731,"Caswell County, NC",1,3.679 (0.104),1.063 (0.025),119 (0.5),184,1.09\%
732,"Cherokee County, NC",1,3.679 (0.104),1.063 (0.025),179 (0.6),236,1.27\%
733,"Chowan County, NC",1,3.679 (0.104),1.063 (0.025),59 (0.4),138,0.72\%
734,"Cleveland County, NC",1,3.679 (0.104),1.063 (0.025),839 (0.9),1019,1.37\%
735,"Columbus County, NC",1,3.679 (0.104),1.063 (0.025),2758 (5.0),826,5.57\%
736,"Davie County, NC",1,3.679 (0.104),1.063 (0.025),239 (0.6),371,1.08\%
737,"Duplin County, NC",1,3.679 (0.104),1.063 (0.025),2519 (4.3),1937,2.17\%
738,"Edgecombe County, NC",1,3.679 (0.104),1.063 (0.025),659 (1.3),579,1.90\%
739,"Franklin County, NC",1,3.679 (0.104),1.063 (0.025),1499 (2.2),783,3.19\%
740,"Gates County, NC",1,3.679 (0.104),1.063 (0.025),119 (1.0),43,4.65\%
741,"Granville County, NC",1,3.679 (0.104),1.063 (0.025),1499 (2.5),1176,2.13\%
742,"Greene County, NC",1,3.679 (0.104),1.063 (0.025),179 (0.9),308,0.97\%
743,"Halifax County, NC",1,3.679 (0.104),1.063 (0.025),359 (0.7),639,0.94\%
744,"Harnett County, NC",1,3.679 (0.104),1.063 (0.025),2159 (1.6),1141,3.16\%
745,"Haywood County, NC",1,3.679 (0.104),1.063 (0.025),359 (0.6),298,2.01\%
746,"Hertford County, NC",1,3.679 (0.104),1.063 (0.025),659 (2.8),283,3.89\%
747,"Hoke County, NC",1,3.679 (0.104),1.063 (0.025),479 (0.9),670,1.19\%
748,"Iredell County, NC",1,3.679 (0.104),1.063 (0.025),1079 (0.6),1691,1.06\%
749,"Jackson County, NC",1,3.679 (0.104),1.063 (0.025),179 (0.4),394,0.76\%
750,"Jones County, NC",1,3.679 (0.104),1.063 (0.025),179 (1.9),59,5.08\%
751,"Lee County, NC",1,3.679 (0.104),1.063 (0.025),599 (1.0),1199,0.83\%
752,"Lenoir County, NC",1,3.679 (0.104),1.063 (0.025),719 (1.3),535,2.24\%
753,"Lincoln County, NC",1,3.679 (0.104),1.063 (0.025),179 (0.2),746,0.40\%
754,"McDowell County, NC",1,3.679 (0.104),1.063 (0.025),539 (1.2),604,1.49\%
755,"Macon County, NC",1,3.679 (0.104),1.063 (0.025),119 (0.3),446,0.45\%
756,"Martin County, NC",1,3.679 (0.104),1.063 (0.025),359 (1.6),239,2.51\%
757,"Mitchell County, NC",1,3.679 (0.104),1.063 (0.025),119 (0.8),108,1.85\%
758,"Montgomery County, NC",1,3.679 (0.104),1.063 (0.025),839 (3.1),587,2.39\%
759,"Northampton County, NC",1,3.679 (0.104),1.063 (0.025),959 (4.9),307,5.21\%
760,"Pasquotank County, NC",1,3.679 (0.104),1.063 (0.025),1019 (2.6),351,4.84\%
761,"Pender County, NC",1,3.679 (0.104),1.063 (0.025),179 (0.3),619,0.48\%
762,"Perquimans County, NC",1,3.679 (0.104),1.063 (0.025),119 (0.9),67,2.99\%
763,"Person County, NC",1,3.679 (0.104),1.063 (0.025),119 (0.3),193,1.04\%
764,"Polk County, NC",1,3.679 (0.104),1.063 (0.025),299 (1.5),137,3.65\%
765,"Rockingham County, NC",1,3.679 (0.104),1.063 (0.025),419 (0.5),470,1.49\%
766,"Rutherford County, NC",1,3.679 (0.104),1.063 (0.025),779 (1.2),642,2.02\%
767,"Sampson County, NC",1,3.679 (0.104),1.063 (0.025),719 (1.1),1421,0.84\%
768,"Scotland County, NC",1,3.679 (0.104),1.063 (0.025),119 (0.3),281,0.71\%
769,"Stanly County, NC",1,3.679 (0.104),1.063 (0.025),659 (1.1),897,1.23\%
770,"Swain County, NC",1,3.679 (0.104),1.063 (0.025),119 (0.8),105,1.90\%
771,"Transylvania County, NC",1,3.679 (0.104),1.063 (0.025),59 (0.2),127,0.79\%
772,"Tyrrell County, NC",1,3.679 (0.104),1.063 (0.025),59 (1.5),91,1.10\%
773,"Vance County, NC",1,3.679 (0.104),1.063 (0.025),2399 (5.4),731,5.47\%
774,"Warren County, NC",1,3.679 (0.104),1.063 (0.025),359 (1.8),240,2.50\%
775,"Washington County, NC",1,3.679 (0.104),1.063 (0.025),179 (1.5),120,2.50\%
776,"Wilkes County, NC",1,3.679 (0.104),1.063 (0.025),599 (0.9),734,1.36\%
777,"Yadkin County, NC",1,3.679 (0.104),1.063 (0.025),359 (1.0),490,1.22\%
778,"Chatham County, NC",1,0.857 (0.041),0.914 (0.046),3018 (4.1),1234,4.05\%
779,"Robeson County, NC",1,0.884 (0.042),0.950 (0.048),4515 (3.4),2635,1.94\%
780,"Adams County, OH",1,3.557 (0.092),0.927 (0.024),161 (0.6),53,3.77\%
781,"Ashland County, OH",1,3.557 (0.092),0.927 (0.024),242 (0.5),130,2.31\%
782,"Ashtabula County, OH",1,3.557 (0.092),0.927 (0.024),3639 (3.7),538,8.36\%
783,"Auglaize County, OH",1,3.557 (0.092),0.927 (0.024),404 (0.9),213,2.35\%
784,"Carroll County, OH",1,3.557 (0.092),0.927 (0.024),404 (1.5),107,4.67\%
785,"Champaign County, OH",1,3.557 (0.092),0.927 (0.024),80 (0.2),105,0.95\%
786,"Clinton County, OH",1,3.557 (0.092),0.927 (0.024),485 (1.2),146,4.11\%
787,"Coshocton County, OH",1,3.557 (0.092),0.927 (0.024),485 (1.3),185,3.24\%
788,"Crawford County, OH",1,3.557 (0.092),0.927 (0.024),404 (1.0),164,3.05\%
789,"Darke County, OH",1,3.557 (0.092),0.927 (0.024),2183 (4.3),316,8.54\%
790,"Fulton County, OH",1,3.557 (0.092),0.927 (0.024),80 (0.2),139,0.72\%
791,"Gallia County, OH",1,3.557 (0.092),0.927 (0.024),80 (0.3),57,1.75\%
792,"Geauga County, OH",1,3.557 (0.092),0.927 (0.024),3477 (3.7),528,8.14\%
793,"Hancock County, OH",1,3.557 (0.092),0.927 (0.024),161 (0.2),315,0.63\%
794,"Hardin County, OH",1,3.557 (0.092),0.927 (0.024),970 (3.1),150,8.00\%
795,"Harrison County, OH",1,3.557 (0.092),0.927 (0.024),80 (0.5),19,5.26\%
796,"Henry County, OH",1,3.557 (0.092),0.927 (0.024),80 (0.3),106,0.94\%
797,"Highland County, OH",1,3.557 (0.092),0.927 (0.024),80 (0.2),127,0.79\%
798,"Hocking County, OH",1,3.557 (0.092),0.927 (0.024),727 (2.6),108,8.33\%
799,"Holmes County, OH",1,3.557 (0.092),0.927 (0.024),485 (1.1),320,1.88\%
800,"Huron County, OH",1,3.557 (0.092),0.927 (0.024),323 (0.6),371,1.08\%
801,"Knox County, OH",1,3.557 (0.092),0.927 (0.024),161 (0.3),165,1.21\%
802,"Logan County, OH",1,3.557 (0.092),0.927 (0.024),80 (0.2),120,0.83\%
803,"Madison County, OH",1,3.557 (0.092),0.927 (0.024),808 (1.8),329,3.04\%
804,"Marion County, OH",1,3.557 (0.092),0.927 (0.024),3558 (5.5),2875,1.53\%
805,"Mercer County, OH",1,3.557 (0.092),0.927 (0.024),1051 (2.6),522,2.49\%
806,"Miami County, OH",1,3.557 (0.092),0.927 (0.024),2992 (2.8),768,4.82\%
807,"Monroe County, OH",1,3.557 (0.092),0.927 (0.024),1455 (10.6),90,20.00\%
808,"Morrow County, OH",1,3.557 (0.092),0.927 (0.024),161 (0.5),158,1.27\%
809,"Ottawa County, OH",1,3.557 (0.092),0.927 (0.024),2021 (5.0),352,7.10\%
810,"Paulding County, OH",1,3.557 (0.092),0.927 (0.024),0 (0.0),59,0.00\%
811,"Perry County, OH",1,3.557 (0.092),0.927 (0.024),161 (0.4),105,1.90\%
812,"Pickaway County, OH",1,3.557 (0.092),0.927 (0.024),3396 (5.8),2352,1.79\%
813,"Putnam County, OH",1,3.557 (0.092),0.927 (0.024),1374 (4.1),193,8.81\%
814,"Ross County, OH",1,3.557 (0.092),0.927 (0.024),323 (0.4),387,1.03\%
815,"Sandusky County, OH",1,3.557 (0.092),0.927 (0.024),1374 (2.3),329,5.17\%
816,"Seneca County, OH",1,3.557 (0.092),0.927 (0.024),242 (0.4),153,1.96\%
817,"Shelby County, OH",1,3.557 (0.092),0.927 (0.024),323 (0.7),157,2.55\%
818,"Tuscarawas County, OH",1,3.557 (0.092),0.927 (0.024),1051 (1.1),746,1.74\%
819,"Union County, OH",1,3.557 (0.092),0.927 (0.024),80 (0.1),214,0.47\%
820,"Van Wert County, OH",1,3.557 (0.092),0.927 (0.024),80 (0.3),68,1.47\%
821,"Vinton County, OH",1,3.557 (0.092),0.927 (0.024),161 (1.2),30,6.67\%
822,"Wyandot County, OH",1,3.557 (0.092),0.927 (0.024),404 (1.8),119,4.20\%
823,"Wayne County, OH",1,1.286 (0.358),0.782 (0.037),6212 (5.4),492,11.79\%
824,"Adair County, OK",1,2.922 (0.079),0.994 (0.025),375 (1.7),303,1.65\%
825,"Beckham County, OK",1,2.922 (0.079),0.994 (0.025),75 (0.3),45,2.22\%
826,"Caddo County, OK",1,2.922 (0.079),0.994 (0.025),1052 (3.6),358,3.91\%
827,"Canadian County, OK",1,2.922 (0.079),0.994 (0.025),375 (0.3),1078,0.46\%
828,"Cherokee County, OK",1,2.922 (0.079),0.994 (0.025),75 (0.2),346,0.29\%
829,"Choctaw County, OK",1,2.922 (0.079),0.994 (0.025),75 (0.5),166,0.60\%
830,"Comanche County, OK",1,2.922 (0.079),0.994 (0.025),751 (0.6),771,1.30\%
831,"Cotton County, OK",1,2.922 (0.079),0.994 (0.025),150 (2.6),17,11.76\%
832,"Delaware County, OK",1,2.922 (0.079),0.994 (0.025),1428 (3.3),401,4.74\%
833,"Garfield County, OK",1,2.922 (0.079),0.994 (0.025),300 (0.5),365,1.10\%
834,"Grady County, OK",1,2.922 (0.079),0.994 (0.025),451 (0.8),409,1.47\%
835,"Greer County, OK",1,2.922 (0.079),0.994 (0.025),601 (10.3),80,10.00\%
836,"Hughes County, OK",1,2.922 (0.079),0.994 (0.025),75 (0.6),111,0.90\%
837,"Jackson County, OK",1,2.922 (0.079),0.994 (0.025),300 (1.2),486,0.82\%
838,"Kay County, OK",1,2.922 (0.079),0.994 (0.025),751 (1.7),214,4.67\%
839,"Kiowa County, OK",1,2.922 (0.079),0.994 (0.025),75 (0.9),27,3.70\%
840,"Latimer County, OK",1,2.922 (0.079),0.994 (0.025),75 (0.7),69,1.45\%
841,"Le Flore County, OK",1,2.922 (0.079),0.994 (0.025),75 (0.2),236,0.42\%
842,"Lincoln County, OK",1,2.922 (0.079),0.994 (0.025),150 (0.4),130,1.54\%
843,"Logan County, OK",1,2.922 (0.079),0.994 (0.025),75 (0.2),185,0.54\%
844,"McCurtain County, OK",1,2.922 (0.079),0.994 (0.025),1879 (5.7),826,3.03\%
845,"McIntosh County, OK",1,2.922 (0.079),0.994 (0.025),75 (0.4),151,0.66\%
846,"Major County, OK",1,2.922 (0.079),0.994 (0.025),75 (1.0),25,4.00\%
847,"Mayes County, OK",1,2.922 (0.079),0.994 (0.025),451 (1.1),285,2.11\%
848,"Muskogee County, OK",1,2.922 (0.079),0.994 (0.025),1202 (1.8),438,3.65\%
849,"Noble County, OK",1,2.922 (0.079),0.994 (0.025),150 (1.3),77,2.60\%
850,"Nowata County, OK",1,2.922 (0.079),0.994 (0.025),75 (0.7),55,1.82\%
851,"Okmulgee County, OK",1,2.922 (0.079),0.994 (0.025),225 (0.6),399,0.75\%
852,"Osage County, OK",1,2.922 (0.079),0.994 (0.025),827 (1.8),366,3.01\%
853,"Ottawa County, OK",1,2.922 (0.079),0.994 (0.025),150 (0.5),345,0.58\%
854,"Pawnee County, OK",1,2.922 (0.079),0.994 (0.025),225 (1.4),120,2.50\%
855,"Payne County, OK",1,2.922 (0.079),0.994 (0.025),225 (0.3),663,0.45\%
856,"Pittsburg County, OK",1,2.922 (0.079),0.994 (0.025),225 (0.5),193,1.55\%
857,"Pontotoc County, OK",1,2.922 (0.079),0.994 (0.025),150 (0.4),176,1.14\%
858,"Pottawatomie County, OK",1,2.922 (0.079),0.994 (0.025),526 (0.7),393,1.78\%
859,"Rogers County, OK",1,2.922 (0.079),0.994 (0.025),1052 (1.1),800,1.75\%
860,"Seminole County, OK",1,2.922 (0.079),0.994 (0.025),375 (1.5),193,2.59\%
861,"Sequoyah County, OK",1,2.922 (0.079),0.994 (0.025),300 (0.7),258,1.55\%
862,"Stephens County, OK",1,2.922 (0.079),0.994 (0.025),150 (0.3),174,1.15\%
863,"Texas County, OK",1,2.922 (0.079),0.994 (0.025),526 (2.6),1035,0.68\%
864,"Tillman County, OK",1,2.922 (0.079),0.994 (0.025),75 (1.0),55,1.82\%
865,"Wagoner County, OK",1,2.922 (0.079),0.994 (0.025),1654 (2.1),733,3.00\%
866,"Washington County, OK",1,2.922 (0.079),0.994 (0.025),2932 (5.7),571,6.83\%
867,"Abbeville County, SC",1,1.243 (0.034),1.205 (0.032),270 (1.1),290,2.41\%
868,"Allendale County, SC",1,1.243 (0.034),1.205 (0.032),116 (1.3),189,1.59\%
869,"Barnwell County, SC",1,1.243 (0.034),1.205 (0.032),154 (0.7),340,1.18\%
870,"Calhoun County, SC",1,1.243 (0.034),1.205 (0.032),386 (2.7),314,3.18\%
871,"Cherokee County, SC",1,1.243 (0.034),1.205 (0.032),967 (1.7),549,4.55\%
872,"Chester County, SC",1,1.243 (0.034),1.205 (0.032),425 (1.3),566,1.94\%
873,"Chesterfield County, SC",1,1.243 (0.034),1.205 (0.032),735 (1.6),696,2.73\%
874,"Colleton County, SC",1,1.243 (0.034),1.205 (0.032),1199 (3.2),763,4.06\%
875,"Edgefield County, SC",1,1.243 (0.034),1.205 (0.032),232 (0.9),287,2.09\%
876,"Fairfield County, SC",1,1.243 (0.034),1.205 (0.032),890 (4.0),536,4.29\%
877,"Greenwood County, SC",1,1.243 (0.034),1.205 (0.032),580 (0.8),1258,1.19\%
878,"Jasper County, SC",1,1.243 (0.034),1.205 (0.032),503 (1.7),505,2.57\%
879,"Lancaster County, SC",1,1.243 (0.034),1.205 (0.032),812 (0.9),1063,1.98\%
880,"Laurens County, SC",1,1.243 (0.034),1.205 (0.032),1315 (2.0),1222,2.78\%
881,"Lee County, SC",1,1.243 (0.034),1.205 (0.032),1044 (6.1),522,5.17\%
882,"McCormick County, SC",1,1.243 (0.034),1.205 (0.032),77 (0.8),106,1.89\%
883,"Marlboro County, SC",1,1.243 (0.034),1.205 (0.032),154 (0.6),436,0.92\%
884,"Newberry County, SC",1,1.243 (0.034),1.205 (0.032),309 (0.8),775,1.03\%
885,"Saluda County, SC",1,1.243 (0.034),1.205 (0.032),309 (1.5),416,1.92\%
886,"Union County, SC",1,1.243 (0.034),1.205 (0.032),77 (0.3),334,0.60\%
887,"Clarendon County, SC",1,1.019 (0.049),0.905 (0.044),3911 (11.6),779,6.42\%
888,"Orangeburg County, SC",1,1.138 (0.086),1.138 (0.086),123 (0.1),2190,2.60\%
889,"Anderson County, TN",1,3.637 (0.079),1.246 (0.029),194 (0.3),599,0.83\%
890,"Bedford County, TN",1,3.637 (0.079),1.246 (0.029),389 (0.8),862,1.16\%
891,"Benton County, TN",1,3.637 (0.079),1.246 (0.029),38 (0.2),92,1.09\%
892,"Bledsoe County, TN",1,3.637 (0.079),1.246 (0.029),38 (0.3),668,0.15\%
893,"Blount County, TN",1,3.637 (0.079),1.246 (0.029),272 (0.2),1098,0.64\%
894,"Bradley County, TN",1,3.637 (0.079),1.246 (0.029),389 (0.4),1705,0.59\%
895,"Campbell County, TN",1,3.637 (0.079),1.246 (0.029),38 (0.1),207,0.48\%
896,"Carroll County, TN",1,3.637 (0.079),1.246 (0.029),116 (0.4),226,1.33\%
897,"Chester County, TN",1,3.637 (0.079),1.246 (0.029),38 (0.2),192,0.52\%
898,"Cocke County, TN",1,3.637 (0.079),1.246 (0.029),38 (0.1),391,0.26\%
899,"Coffee County, TN",1,3.637 (0.079),1.246 (0.029),77 (0.1),411,0.49\%
900,"Crockett County, TN",1,3.637 (0.079),1.246 (0.029),116 (0.8),223,1.35\%
901,"Cumberland County, TN",1,3.637 (0.079),1.246 (0.029),233 (0.4),375,1.60\%
902,"Decatur County, TN",1,3.637 (0.079),1.246 (0.029),38 (0.3),159,0.63\%
903,"DeKalb County, TN",1,3.637 (0.079),1.246 (0.029),38 (0.2),304,0.33\%
904,"Fayette County, TN",1,3.637 (0.079),1.246 (0.029),311 (0.8),617,1.30\%
905,"Franklin County, TN",1,3.637 (0.079),1.246 (0.029),155 (0.4),285,1.40\%
906,"Gibson County, TN",1,3.637 (0.079),1.246 (0.029),77 (0.2),558,0.36\%
907,"Giles County, TN",1,3.637 (0.079),1.246 (0.029),350 (1.2),344,2.62\%
908,"Greene County, TN",1,3.637 (0.079),1.246 (0.029),194 (0.3),369,1.36\%
909,"Grundy County, TN",1,3.637 (0.079),1.246 (0.029),77 (0.6),101,1.98\%
910,"Hancock County, TN",1,3.637 (0.079),1.246 (0.029),38 (0.6),74,1.35\%
911,"Hardeman County, TN",1,3.637 (0.079),1.246 (0.029),428 (1.7),794,1.39\%
912,"Hardin County, TN",1,3.637 (0.079),1.246 (0.029),272 (1.1),398,1.76\%
913,"Haywood County, TN",1,3.637 (0.079),1.246 (0.029),194 (1.1),369,1.36\%
914,"Henry County, TN",1,3.637 (0.079),1.246 (0.029),0 (0.0),211,0.00\%
915,"Humphreys County, TN",1,3.637 (0.079),1.246 (0.029),116 (0.6),101,2.97\%
916,"Jackson County, TN",1,3.637 (0.079),1.246 (0.029),38 (0.3),107,0.93\%
917,"Jefferson County, TN",1,3.637 (0.079),1.246 (0.029),77 (0.1),489,0.41\%
918,"Lauderdale County, TN",1,3.637 (0.079),1.246 (0.029),233 (0.9),421,1.43\%
919,"Lawrence County, TN",1,3.637 (0.079),1.246 (0.029),233 (0.5),474,1.27\%
920,"Lewis County, TN",1,3.637 (0.079),1.246 (0.029),38 (0.3),56,1.79\%
921,"Lincoln County, TN",1,3.637 (0.079),1.246 (0.029),38 (0.1),251,0.40\%
922,"Loudon County, TN",1,3.637 (0.079),1.246 (0.029),116 (0.2),649,0.46\%
923,"McMinn County, TN",1,3.637 (0.079),1.246 (0.029),779 (1.5),479,4.18\%
924,"McNairy County, TN",1,3.637 (0.079),1.246 (0.029),194 (0.8),310,1.61\%
925,"Macon County, TN",1,3.637 (0.079),1.246 (0.029),506 (2.1),834,1.56\%
926,"Marion County, TN",1,3.637 (0.079),1.246 (0.029),155 (0.5),206,1.94\%
927,"Marshall County, TN",1,3.637 (0.079),1.246 (0.029),77 (0.2),263,0.76\%
928,"Monroe County, TN",1,3.637 (0.079),1.246 (0.029),350 (0.8),356,2.53\%
929,"Morgan County, TN",1,3.637 (0.079),1.246 (0.029),38 (0.2),79,1.27\%
930,"Obion County, TN",1,3.637 (0.079),1.246 (0.029),155 (0.5),427,0.94\%
931,"Overton County, TN",1,3.637 (0.079),1.246 (0.029),38 (0.2),134,0.75\%
932,"Pickett County, TN",1,3.637 (0.079),1.246 (0.029),38 (0.8),22,4.55\%
933,"Polk County, TN",1,3.637 (0.079),1.246 (0.029),38 (0.2),166,0.60\%
934,"Putnam County, TN",1,3.637 (0.079),1.246 (0.029),506 (0.6),1547,0.84\%
935,"Rhea County, TN",1,3.637 (0.079),1.246 (0.029),38 (0.1),497,0.20\%
936,"Roane County, TN",1,3.637 (0.079),1.246 (0.029),38 (0.1),356,0.28\%
937,"Smith County, TN",1,3.637 (0.079),1.246 (0.029),116 (0.6),361,0.83\%
938,"Tipton County, TN",1,3.637 (0.079),1.246 (0.029),350 (0.6),1104,0.82\%
939,"Warren County, TN",1,3.637 (0.079),1.246 (0.029),155 (0.4),400,1.00\%
940,"Wayne County, TN",1,3.637 (0.079),1.246 (0.029),38 (0.2),214,0.47\%
941,"Weakley County, TN",1,3.637 (0.079),1.246 (0.029),116 (0.3),260,1.15\%
942,"White County, TN",1,3.637 (0.079),1.246 (0.029),116 (0.4),191,1.57\%
943,"Anderson County, TX",1,3.777 (0.083),1.164 (0.031),291 (0.5),2209,0.36\%
944,"Andrews County, TX",1,3.777 (0.083),1.164 (0.031),218 (1.2),255,2.35\%
945,"Aransas County, TX",1,3.777 (0.083),1.164 (0.031),437 (1.8),153,7.84\%
946,"Atascosa County, TX",1,3.777 (0.083),1.164 (0.031),546 (1.1),405,3.70\%
947,"Austin County, TX",1,3.777 (0.083),1.164 (0.031),109 (0.4),213,1.41\%
948,"Bailey County, TX",1,3.777 (0.083),1.164 (0.031),145 (2.1),158,2.53\%
949,"Bandera County, TX",1,3.777 (0.083),1.164 (0.031),109 (0.5),83,3.61\%
950,"Bee County, TX",1,3.777 (0.083),1.164 (0.031),328 (1.0),511,1.76\%
951,"Blanco County, TX",1,3.777 (0.083),1.164 (0.031),145 (1.2),98,4.08\%
952,"Bosque County, TX",1,3.777 (0.083),1.164 (0.031),72 (0.4),125,1.60\%
953,"Briscoe County, TX",1,3.777 (0.083),1.164 (0.031),36 (2.4),11,9.09\%
954,"Brooks County, TX",1,3.777 (0.083),1.164 (0.031),36 (0.5),85,1.18\%
955,"Brown County, TX",1,3.777 (0.083),1.164 (0.031),510 (1.3),351,3.99\%
956,"Burleson County, TX",1,3.777 (0.083),1.164 (0.031),182 (1.0),231,2.16\%
957,"Calhoun County, TX",1,3.777 (0.083),1.164 (0.031),109 (0.5),453,0.66\%
958,"Callahan County, TX",1,3.777 (0.083),1.164 (0.031),109 (0.8),41,7.32\%
959,"Camp County, TX",1,3.777 (0.083),1.164 (0.031),145 (1.1),214,1.87\%
960,"Cass County, TX",1,3.777 (0.083),1.164 (0.031),255 (0.8),153,4.58\%
961,"Castro County, TX",1,3.777 (0.083),1.164 (0.031),109 (1.4),170,1.76\%
962,"Chambers County, TX",1,3.777 (0.083),1.164 (0.031),72 (0.2),887,0.23\%
963,"Cherokee County, TX",1,3.777 (0.083),1.164 (0.031),145 (0.3),783,0.51\%
964,"Clay County, TX",1,3.777 (0.083),1.164 (0.031),36 (0.3),34,2.94\%
965,"Coke County, TX",1,3.777 (0.083),1.164 (0.031),36 (1.1),39,2.56\%
966,"Colorado County, TX",1,3.777 (0.083),1.164 (0.031),72 (0.3),242,0.83\%
967,"Comanche County, TX",1,3.777 (0.083),1.164 (0.031),109 (0.8),230,1.30\%
968,"Concho County, TX",1,3.777 (0.083),1.164 (0.031),36 (0.9),26,3.85\%
969,"Cottle County, TX",1,3.777 (0.083),1.164 (0.031),72 (5.2),14,14.29\%
970,"Crane County, TX",1,3.777 (0.083),1.164 (0.031),72 (1.5),75,2.67\%
971,"Crockett County, TX",1,3.777 (0.083),1.164 (0.031),109 (3.1),153,1.96\%
972,"Crosby County, TX",1,3.777 (0.083),1.164 (0.031),36 (0.6),52,1.92\%
973,"Culberson County, TX",1,3.777 (0.083),1.164 (0.031),72 (3.3),15,13.33\%
974,"Dallam County, TX",1,3.777 (0.083),1.164 (0.031),182 (2.5),179,2.79\%
975,"Dawson County, TX",1,3.777 (0.083),1.164 (0.031),145 (1.2),137,2.92\%
976,"Deaf Smith County, TX",1,3.777 (0.083),1.164 (0.031),619 (3.3),597,2.85\%
977,"DeWitt County, TX",1,3.777 (0.083),1.164 (0.031),546 (2.7),531,2.82\%
978,"Dickens County, TX",1,3.777 (0.083),1.164 (0.031),36 (1.6),4,25.00\%
979,"Dimmit County, TX",1,3.777 (0.083),1.164 (0.031),36 (0.4),124,0.81\%
980,"Duval County, TX",1,3.777 (0.083),1.164 (0.031),109 (1.0),150,2.00\%
981,"Eastland County, TX",1,3.777 (0.083),1.164 (0.031),36 (0.2),51,1.96\%
982,"Erath County, TX",1,3.777 (0.083),1.164 (0.031),182 (0.4),462,1.08\%
983,"Fannin County, TX",1,3.777 (0.083),1.164 (0.031),291 (0.8),214,3.74\%
984,"Fisher County, TX",1,3.777 (0.083),1.164 (0.031),36 (0.9),24,4.17\%
985,"Floyd County, TX",1,3.777 (0.083),1.164 (0.031),182 (3.1),83,6.02\%
986,"Franklin County, TX",1,3.777 (0.083),1.164 (0.031),36 (0.3),84,1.19\%
987,"Frio County, TX",1,3.777 (0.083),1.164 (0.031),182 (0.9),475,1.05\%
988,"Gaines County, TX",1,3.777 (0.083),1.164 (0.031),0 (0.0),132,0.00\%
989,"Garza County, TX",1,3.777 (0.083),1.164 (0.031),72 (1.1),97,2.06\%
990,"Gillespie County, TX",1,3.777 (0.083),1.164 (0.031),145 (0.5),171,2.34\%
991,"Goliad County, TX",1,3.777 (0.083),1.164 (0.031),109 (1.4),77,3.90\%
992,"Gonzales County, TX",1,3.777 (0.083),1.164 (0.031),255 (1.2),617,1.13\%
993,"Gray County, TX",1,3.777 (0.083),1.164 (0.031),72 (0.3),183,1.09\%
994,"Grimes County, TX",1,3.777 (0.083),1.164 (0.031),728 (2.6),839,2.38\%
995,"Guadalupe County, TX",1,3.777 (0.083),1.164 (0.031),1567 (1.0),1597,2.69\%
996,"Hale County, TX",1,3.777 (0.083),1.164 (0.031),801 (2.4),1185,1.86\%
997,"Hall County, TX",1,3.777 (0.083),1.164 (0.031),36 (1.2),8,12.50\%
998,"Hamilton County, TX",1,3.777 (0.083),1.164 (0.031),72 (0.9),55,3.64\%
999,"Hansford County, TX",1,3.777 (0.083),1.164 (0.031),72 (1.3),59,3.39\%
1000,"Hardin County, TX",1,3.777 (0.083),1.164 (0.031),400 (0.7),811,1.36\%
1001,"Hartley County, TX",1,3.777 (0.083),1.164 (0.031),72 (1.3),82,2.44\%
1002,"Henderson County, TX",1,3.777 (0.083),1.164 (0.031),328 (0.4),577,1.56\%
1003,"Hill County, TX",1,3.777 (0.083),1.164 (0.031),109 (0.3),308,0.97\%
1004,"Hockley County, TX",1,3.777 (0.083),1.164 (0.031),145 (0.6),181,2.21\%
1005,"Hood County, TX",1,3.777 (0.083),1.164 (0.031),291 (0.5),437,1.83\%
1006,"Hopkins County, TX",1,3.777 (0.083),1.164 (0.031),36 (0.1),169,0.59\%
1007,"Houston County, TX",1,3.777 (0.083),1.164 (0.031),218 (0.9),248,2.42\%
1008,"Howard County, TX",1,3.777 (0.083),1.164 (0.031),109 (0.3),157,1.91\%
1009,"Hudspeth County, TX",1,3.777 (0.083),1.164 (0.031),72 (1.5),22,9.09\%
1010,"Hunt County, TX",1,3.777 (0.083),1.164 (0.031),728 (0.8),1049,1.91\%
1011,"Hutchinson County, TX",1,3.777 (0.083),1.164 (0.031),72 (0.3),114,1.75\%
1012,"Jackson County, TX",1,3.777 (0.083),1.164 (0.031),145 (1.0),320,1.25\%
1013,"Jasper County, TX",1,3.777 (0.083),1.164 (0.031),182 (0.5),291,1.72\%
1014,"Jim Hogg County, TX",1,3.777 (0.083),1.164 (0.031),36 (0.7),53,1.89\%
1015,"Jim Wells County, TX",1,3.777 (0.083),1.164 (0.031),218 (0.5),591,1.02\%
1016,"Karnes County, TX",1,3.777 (0.083),1.164 (0.031),145 (0.9),298,1.34\%
1017,"Kendall County, TX",1,3.777 (0.083),1.164 (0.031),72 (0.2),145,1.38\%
1018,"Kenedy County, TX",1,3.777 (0.083),1.164 (0.031),36 (8.2),6,16.67\%
1019,"Kerr County, TX",1,3.777 (0.083),1.164 (0.031),218 (0.4),348,1.72\%
1020,"Kleberg County, TX",1,3.777 (0.083),1.164 (0.031),182 (0.6),346,1.45\%
1021,"Lamar County, TX",1,3.777 (0.083),1.164 (0.031),583 (1.2),620,2.58\%
1022,"Lamb County, TX",1,3.777 (0.083),1.164 (0.031),255 (1.9),203,3.45\%
1023,"Lampasas County, TX",1,3.777 (0.083),1.164 (0.031),36 (0.2),84,1.19\%
1024,"La Salle County, TX",1,3.777 (0.083),1.164 (0.031),36 (0.5),357,0.28\%
1025,"Lavaca County, TX",1,3.777 (0.083),1.164 (0.031),510 (2.5),593,2.36\%
1026,"Leon County, TX",1,3.777 (0.083),1.164 (0.031),36 (0.2),138,0.72\%
1027,"Limestone County, TX",1,3.777 (0.083),1.164 (0.031),109 (0.5),199,1.51\%
1028,"Live Oak County, TX",1,3.777 (0.083),1.164 (0.031),36 (0.3),207,0.48\%
1029,"Llano County, TX",1,3.777 (0.083),1.164 (0.031),36 (0.2),86,1.16\%
1030,"Lynn County, TX",1,3.777 (0.083),1.164 (0.031),145 (2.5),65,6.15\%
1031,"McCulloch County, TX",1,3.777 (0.083),1.164 (0.031),36 (0.5),41,2.44\%
1032,"Madison County, TX",1,3.777 (0.083),1.164 (0.031),72 (0.5),645,0.31\%
1033,"Marion County, TX",1,3.777 (0.083),1.164 (0.031),255 (2.6),123,5.69\%
1034,"Martin County, TX",1,3.777 (0.083),1.164 (0.031),109 (1.9),45,6.67\%
1035,"Matagorda County, TX",1,3.777 (0.083),1.164 (0.031),765 (2.1),673,3.12\%
1036,"Maverick County, TX",1,3.777 (0.083),1.164 (0.031),1421 (2.4),1989,1.96\%
1037,"Medina County, TX",1,3.777 (0.083),1.164 (0.031),874 (1.7),594,4.04\%
1038,"Milam County, TX",1,3.777 (0.083),1.164 (0.031),109 (0.4),306,0.98\%
1039,"Montague County, TX",1,3.777 (0.083),1.164 (0.031),36 (0.2),57,1.75\%
1040,"Moore County, TX",1,3.777 (0.083),1.164 (0.031),437 (2.0),1013,1.18\%
1041,"Morris County, TX",1,3.777 (0.083),1.164 (0.031),36 (0.3),96,1.04\%
1042,"Navarro County, TX",1,3.777 (0.083),1.164 (0.031),291 (0.6),767,1.04\%
1043,"Newton County, TX",1,3.777 (0.083),1.164 (0.031),145 (1.1),86,4.65\%
1044,"Nolan County, TX",1,3.777 (0.083),1.164 (0.031),109 (0.7),131,2.29\%
1045,"Ochiltree County, TX",1,3.777 (0.083),1.164 (0.031),72 (0.7),84,2.38\%
1046,"Oldham County, TX",1,3.777 (0.083),1.164 (0.031),36 (1.7),13,7.69\%
1047,"Palo Pinto County, TX",1,3.777 (0.083),1.164 (0.031),218 (0.8),194,3.09\%
1048,"Panola County, TX",1,3.777 (0.083),1.164 (0.031),619 (2.7),269,6.32\%
1049,"Parker County, TX",1,3.777 (0.083),1.164 (0.031),437 (0.3),1070,1.12\%
1050,"Parmer County, TX",1,3.777 (0.083),1.164 (0.031),255 (2.6),311,2.25\%
1051,"Pecos County, TX",1,3.777 (0.083),1.164 (0.031),36 (0.2),209,0.48\%
1052,"Polk County, TX",1,3.777 (0.083),1.164 (0.031),328 (0.7),659,1.37\%
1053,"Rains County, TX",1,3.777 (0.083),1.164 (0.031),36 (0.3),45,2.22\%
1054,"Randall County, TX",1,3.777 (0.083),1.164 (0.031),619 (0.5),1586,1.07\%
1055,"Reagan County, TX",1,3.777 (0.083),1.164 (0.031),109 (2.9),58,5.17\%
1056,"Red River County, TX",1,3.777 (0.083),1.164 (0.031),400 (3.3),134,8.21\%
1057,"Reeves County, TX",1,3.777 (0.083),1.164 (0.031),109 (0.7),135,2.22\%
1058,"Robertson County, TX",1,3.777 (0.083),1.164 (0.031),36 (0.2),214,0.47\%
1059,"Runnels County, TX",1,3.777 (0.083),1.164 (0.031),36 (0.4),107,0.93\%
1060,"Rusk County, TX",1,3.777 (0.083),1.164 (0.031),72 (0.1),332,0.60\%
1061,"Sabine County, TX",1,3.777 (0.083),1.164 (0.031),218 (2.1),44,13.64\%
1062,"San Augustine County, TX",1,3.777 (0.083),1.164 (0.031),400 (4.9),155,7.10\%
1063,"San Jacinto County, TX",1,3.777 (0.083),1.164 (0.031),291 (1.0),145,5.52\%
1064,"Schleicher County, TX",1,3.777 (0.083),1.164 (0.031),36 (1.3),35,2.86\%
1065,"Scurry County, TX",1,3.777 (0.083),1.164 (0.031),36 (0.2),433,0.23\%
1066,"Shelby County, TX",1,3.777 (0.083),1.164 (0.031),583 (2.3),379,4.22\%
1067,"Stephens County, TX",1,3.777 (0.083),1.164 (0.031),72 (0.8),29,6.90\%
1068,"Sutton County, TX",1,3.777 (0.083),1.164 (0.031),36 (1.0),58,1.72\%
1069,"Swisher County, TX",1,3.777 (0.083),1.164 (0.031),72 (1.0),75,2.67\%
1070,"Terry County, TX",1,3.777 (0.083),1.164 (0.031),36 (0.3),116,0.86\%
1071,"Titus County, TX",1,3.777 (0.083),1.164 (0.031),510 (1.5),1289,1.09\%
1072,"Trinity County, TX",1,3.777 (0.083),1.164 (0.031),72 (0.5),135,1.48\%
1073,"Tyler County, TX",1,3.777 (0.083),1.164 (0.031),36 (0.2),115,0.87\%
1074,"Upshur County, TX",1,3.777 (0.083),1.164 (0.031),72 (0.2),191,1.05\%
1075,"Upton County, TX",1,3.777 (0.083),1.164 (0.031),36 (1.0),16,6.25\%
1076,"Uvalde County, TX",1,3.777 (0.083),1.164 (0.031),255 (1.0),482,1.45\%
1077,"Van Zandt County, TX",1,3.777 (0.083),1.164 (0.031),109 (0.2),332,0.90\%
1078,"Walker County, TX",1,3.777 (0.083),1.164 (0.031),1385 (1.9),2814,1.35\%
1079,"Waller County, TX",1,3.777 (0.083),1.164 (0.031),109 (0.2),399,0.75\%
1080,"Ward County, TX",1,3.777 (0.083),1.164 (0.031),36 (0.3),83,1.20\%
1081,"Washington County, TX",1,3.777 (0.083),1.164 (0.031),1385 (3.9),477,7.97\%
1082,"Wharton County, TX",1,3.777 (0.083),1.164 (0.031),765 (1.8),624,3.37\%
1083,"Wilbarger County, TX",1,3.777 (0.083),1.164 (0.031),36 (0.3),50,2.00\%
1084,"Willacy County, TX",1,3.777 (0.083),1.164 (0.031),656 (3.0),586,3.07\%
1085,"Wilson County, TX",1,3.777 (0.083),1.164 (0.031),583 (1.2),414,3.86\%
1086,"Winkler County, TX",1,3.777 (0.083),1.164 (0.031),36 (0.5),68,1.47\%
1087,"Wise County, TX",1,3.777 (0.083),1.164 (0.031),182 (0.3),311,1.61\%
1088,"Yoakum County, TX",1,3.777 (0.083),1.164 (0.031),36 (0.4),85,1.18\%
1089,"Young County, TX",1,3.777 (0.083),1.164 (0.031),145 (0.8),139,2.88\%
1090,"Zapata County, TX",1,3.777 (0.083),1.164 (0.031),72 (0.5),156,1.28\%
1091,"Zavala County, TX",1,3.777 (0.083),1.164 (0.031),182 (1.5),175,2.86\%
1092,"Comal County, TX",1,1.102 (0.093),1.102 (0.093),23876 (16.1),1669,3.65\%
1093,"Amelia County, VA",1,0.929 (0.040),1.064 (0.027),65 (0.5),73,1.37\%
1094,"Augusta County, VA",1,0.929 (0.040),1.064 (0.027),263 (0.3),252,1.59\%
1095,"Botetourt County, VA",1,0.929 (0.040),1.064 (0.027),461 (1.4),188,3.72\%
1096,"Brunswick County, VA",1,0.929 (0.040),1.064 (0.027),65 (0.4),205,0.49\%
1097,"Charles City County, VA",1,0.929 (0.040),1.064 (0.027),329 (4.8),50,10.00\%
1098,"Dinwiddie County, VA",1,0.929 (0.040),1.064 (0.027),395 (1.4),200,3.00\%
1099,"Essex County, VA",1,0.929 (0.040),1.064 (0.027),65 (0.6),77,1.30\%
1100,"Fauquier County, VA",1,0.929 (0.040),1.064 (0.027),527 (0.7),574,1.39\%
1101,"Floyd County, VA",1,0.929 (0.040),1.064 (0.027),65 (0.4),37,2.70\%
1102,"Frederick County, VA",1,0.929 (0.040),1.064 (0.027),593 (0.7),663,1.36\%
1103,"Gloucester County, VA",1,0.929 (0.040),1.064 (0.027),131 (0.4),145,1.38\%
1104,"Goochland County, VA",1,0.929 (0.040),1.064 (0.027),461 (2.0),151,4.64\%
1105,"Grayson County, VA",1,0.929 (0.040),1.064 (0.027),263 (1.7),130,3.08\%
1106,"Greensville County, VA",1,0.929 (0.040),1.064 (0.027),593 (5.1),425,2.12\%
1107,"Halifax County, VA",1,0.929 (0.040),1.064 (0.027),65 (0.2),137,0.73\%
1108,"Henry County, VA",1,0.929 (0.040),1.064 (0.027),395 (0.8),511,1.17\%
1109,"King and Queen County, VA",1,0.929 (0.040),1.064 (0.027),65 (0.9),35,2.86\%
1110,"King George County, VA",1,0.929 (0.040),1.064 (0.027),263 (1.0),124,3.23\%
1111,"King William County, VA",1,0.929 (0.040),1.064 (0.027),131 (0.8),77,2.60\%
1112,"Lee County, VA",1,0.929 (0.040),1.064 (0.027),65 (0.3),95,1.05\%
1113,"Louisa County, VA",1,0.929 (0.040),1.064 (0.027),131 (0.4),166,1.20\%
1114,"Lunenburg County, VA",1,0.929 (0.040),1.064 (0.027),65 (0.5),55,1.82\%
1115,"Mecklenburg County, VA",1,0.929 (0.040),1.064 (0.027),2111 (6.9),308,10.39\%
1116,"Middlesex County, VA",1,0.929 (0.040),1.064 (0.027),65 (0.6),27,3.70\%
1117,"New Kent County, VA",1,0.929 (0.040),1.064 (0.027),65 (0.3),117,0.85\%
1118,"Northampton County, VA",1,0.929 (0.040),1.064 (0.027),1847 (15.7),292,9.59\%
1119,"Northumberland County, VA",1,0.929 (0.040),1.064 (0.027),131 (1.1),66,3.03\%
1120,"Nottoway County, VA",1,0.929 (0.040),1.064 (0.027),593 (3.9),176,5.11\%
1121,"Orange County, VA",1,0.929 (0.040),1.064 (0.027),197 (0.5),212,1.42\%
1122,"Page County, VA",1,0.929 (0.040),1.064 (0.027),1583 (6.6),332,7.23\%
1123,"Patrick County, VA",1,0.929 (0.040),1.064 (0.027),197 (1.1),115,2.61\%
1124,"Pittsylvania County, VA",1,0.929 (0.040),1.064 (0.027),131 (0.2),354,0.56\%
1125,"Powhatan County, VA",1,0.929 (0.040),1.064 (0.027),263 (0.9),127,3.15\%
1126,"Prince Edward County, VA",1,0.929 (0.040),1.064 (0.027),659 (2.9),351,2.85\%
1127,"Rappahannock County, VA",1,0.929 (0.040),1.064 (0.027),131 (1.8),40,5.00\%
1128,"Russell County, VA",1,0.929 (0.040),1.064 (0.027),65 (0.2),62,1.61\%
1129,"Scott County, VA",1,0.929 (0.040),1.064 (0.027),197 (0.9),54,5.56\%
1130,"Shenandoah County, VA",1,0.929 (0.040),1.064 (0.027),2771 (6.4),680,6.18\%
1131,"Smyth County, VA",1,0.929 (0.040),1.064 (0.027),197 (0.6),120,2.50\%
1132,"Southampton County, VA",1,0.929 (0.040),1.064 (0.027),857 (4.9),238,5.46\%
1133,"Warren County, VA",1,0.929 (0.040),1.064 (0.027),461 (1.2),348,2.01\%
1134,"Washington County, VA",1,0.929 (0.040),1.064 (0.027),263 (0.5),181,2.21\%
1135,"Westmoreland County, VA",1,0.929 (0.040),1.064 (0.027),131 (0.7),193,1.04\%
1136,"Wise County, VA",1,0.929 (0.040),1.064 (0.027),197 (0.5),84,3.57\%
1137,"Wythe County, VA",1,0.929 (0.040),1.064 (0.027),197 (0.7),105,2.86\%
1138,"Adams County, WI",1,1.463 (0.432),1.002 (0.031),131 (0.6),73,2.74\%
1139,"Barron County, WI",1,1.463 (0.432),1.002 (0.031),197 (0.4),255,1.18\%
1140,"Buffalo County, WI",1,1.463 (0.432),1.002 (0.031),131 (1.0),41,4.88\%
1141,"Burnett County, WI",1,1.463 (0.432),1.002 (0.031),65 (0.4),14,7.14\%
1142,"Clark County, WI",1,1.463 (0.432),1.002 (0.031),460 (1.3),174,4.02\%
1143,"Dodge County, WI",1,1.463 (0.432),1.002 (0.031),329 (0.4),702,0.71\%
1144,"Door County, WI",1,1.463 (0.432),1.002 (0.031),197 (0.7),85,3.53\%
1145,"Forest County, WI",1,1.463 (0.432),1.002 (0.031),263 (2.9),59,6.78\%
1146,"Green County, WI",1,1.463 (0.432),1.002 (0.031),65 (0.2),130,0.77\%
1147,"Iron County, WI",1,1.463 (0.432),1.002 (0.031),65 (1.2),72,1.39\%
1148,"Jackson County, WI",1,1.463 (0.432),1.002 (0.031),65 (0.3),48,2.08\%
1149,"Jefferson County, WI",1,1.463 (0.432),1.002 (0.031),329 (0.4),556,0.90\%
1150,"Juneau County, WI",1,1.463 (0.432),1.002 (0.031),65 (0.2),129,0.78\%
1151,"Kewaunee County, WI",1,1.463 (0.432),1.002 (0.031),131 (0.6),110,1.82\%
1152,"Langlade County, WI",1,1.463 (0.432),1.002 (0.031),65 (0.3),48,2.08\%
1153,"Manitowoc County, WI",1,1.463 (0.432),1.002 (0.031),65 (0.1),301,0.33\%
1154,"Marinette County, WI",1,1.463 (0.432),1.002 (0.031),197 (0.5),315,0.95\%
1155,"Marquette County, WI",1,1.463 (0.432),1.002 (0.031),65 (0.4),71,1.41\%
1156,"Polk County, WI",1,1.463 (0.432),1.002 (0.031),131 (0.3),120,1.67\%
1157,"Richland County, WI",1,1.463 (0.432),1.002 (0.031),263 (1.5),32,12.50\%
1158,"Rusk County, WI",1,1.463 (0.432),1.002 (0.031),65 (0.5),16,6.25\%
1159,"Trempealeau County, WI",1,1.463 (0.432),1.002 (0.031),131 (0.4),307,0.65\%
1160,"Walworth County, WI",1,1.463 (0.432),1.002 (0.031),1382 (1.3),1237,1.70\%
1161,"Waupaca County, WI",1,1.463 (0.432),1.002 (0.031),987 (1.9),370,4.05\%
1162,"Wood County, WI",1,1.463 (0.432),1.002 (0.031),65 (0.1),238,0.42\%
